id,split,label,pred_label,score_ai,text_len_chars,domain,model_family,model,text
human_36c010c26f58659f,test,0,1,0.6814853,241,情感,,,"标题：小宝宝可爱舒适家居服攻略来啦
正文：总是想让你听话懂事 催促你掌握很多技能 把你打扮成大孩子的模样 你真的就不喜欢哭闹 能看懂我们所有的表情 哎忘了忘了你也就才一岁多 在家里尽情的撒欢吧 做回那个不管不顾的小宝宝 世界上有好多美丽的风景 对于我来说陪伴你的每个瞬间都是zui珍贵的 希望夏天不太热 希望冬天不太冷 每天能看着你的笑 足矣！ / / 早秋穿搭 | 家居服分享 | 宅家拍照 | 男宝穿搭 | a类服饰 | 手机修图 | @穿搭薯 @薯条小助手 @薯宝宝 @薯队长"
human_29b98044b1b05af1,test,0,1,0.9970317,245,情感,,,"标题：武大宿舍记｜早餐11.26
正文：早上好，今日心情如何嘞🥱
昨晚半杯红酒下肚，十一点睡到八点才醒，猛然想起来要做HS，8:30早餐到手🥣
-
🥛牛奶：蒙牛纯牛奶（昨天是伊利）
🥠主食：红糖发糕（老朋友）
奶黄包*2（更正，是外表迷惑人的新朋友豆沙包）
玉米面窝窝*3（新朋友驾到，通通闪开，本北方人爱住了）
🥚蛋白质：鸡蛋
昨天的老朋友花卷没了，我还挺喜欢的，哈哈哈果然“得不到的永远在骚动”
-
今日份早餐饱饱，希望屏幕前的你也开心哦🥳
#研究生日常[话题]# #武汉大学[话题]#"
human_1cdbb1aec07ab9dc,test,0,1,0.9856258,276,美食,,,"标题：山药水果球 超简单的手指食物 8M➕
正文：今天手指食物做了个简单的[偷笑R] 山药水果球 山药水果球 准备食材：山药 火龙果 制作步骤： 1⃣️山药削皮切段上锅蒸熟 火龙果切丁 2⃣️蒸熟的山药压成泥 3⃣️带一次性手套 刷点辅食油 抓一点山药泥先揉成球后压成饼 放一粒火龙果丁再次揉成球 4⃣️碗里倒一点米粉 将山药球在米粉里滚一圈（此步骤可以省略） 小tips： 水果可以换其他的呀 我家只有火龙果了[笑哭R] #宝宝辅食分享 #宝宝的辅食日记 #辅食添加 #水果 #手指食物 #大爱水果季 #每日水果 #火龙果 #红心火龙果 宝宝辅食分享"
human_3c940b918eb53d0f,test,0,1,0.9990596,288,心理,,,"标题：关于梦境的深度揭秘！
正文：很多不敢活出真实的自我、一直在活“假自我”的人，晚上会失眠，多梦。有些人的梦境非常活跃，非常奇幻，甚至比连续剧还精彩。 ⭐ 如何解释这种现象呢？ ⭐ 其实，那是你的潜意识跑出来了。 ⭐ 白天，你一直在用意识压抑潜意识。可是，潜意识才是真正的主宰。它不会因为你拼命压抑它就消失，它是压不住的。甚至你越去压制，它反弹得就越厉害。 ⭐ 既然白天你活不出真正的自我，那它就只好跑到你的梦里，让你在梦里活出来。 ⭐ 人间美好，人间值得。感恩所有的相遇，祝福大家能量越来越高，越活越圆满！ ⭐ ——刘语丝Angela #修行 #心灵修行 #心理咨询 修行"
human_af794d7c3744fc34,test,0,1,0.7516297,317,美食,,,"标题：超级酷炫的追月计划中秋礼盒！上市即爆款！
正文：中秋明月总是又圆又亮，让我们再靠近月亮一点… 这款『追月计划中秋礼盒』围绕“圆月”这个浪漫又科幻的主题设计，将我们对月球的想象和对节日的期待通过这款充满科技感的礼盒传递给大家。✨ 亮点：上下抽拉式开盒，打破传统包装，炫酷又前卫（tip：还可以当桌面收纳盒&笔记本电脑支架噢 【追月计划·常规版】 紫薯月饼*2 流心奶黄月饼*2 燕窝雪媚娘流心月饼*2 礼盒*1 【追月计划·榨汁机】 流心奶黄月饼*2 燕窝雪媚娘流心月饼*2 美的布谷榨汁机*1 3D航天拼图*1 礼盒*1 #中秋礼盒 #中秋月饼礼盒 #月饼礼盒 #中秋月饼 #新品上市 #中秋节"
human_6dfed52b068ec4d8,test,0,1,0.9178769,275,学习,,,"标题：二战90分：考研英语完型填空接近满分的经验
正文：强烈要求大家不要再把完型放在最后复习了！完型共10分，分值并不少！一定要认真对待呀！ 下面是我根据历年英一和英二的真题整理出的一些做题方法和技巧，希望对大家有帮助！ 但方法不是万能的，最重要的还是忠于原文，符合文章逻辑的才是正确答案！ ‍♀️还有，截图里的统计基本准确（不排除我看错了[笑哭R]，但可能性不大），不过高频词≠正确答案！ ‼️最后，欢迎大家踊跃提问，想看哪些笔记也可以提出来喔～咱们一起学习一起进步呀✊ #23考研 #考研英语 #考研英语完型 #考研经验 #考研英语复习 23考研"
human_c8b1121cbd5f5af6,test,0,1,0.5219507,290,穿搭,,,"标题：上海｜粉色少女梦缤纷登场🎈
正文：🚴‍♀️骑车路过abcplayer，发现门口的气球装置变成梦幻的粉红色了！进店询问才知道咖啡店和宾得宝气泡果汁做了联名活动，整个店面都被浪漫的粉红包围

🎪马戏团梦游记：
abcplayer✖️宾得宝联名款，粉粉嫩嫩的颜值超高，连顶部的奶泡都是酸甜西柚果味，后调带着浓烈的奶香，喝完以后吃棒棒糖🍭，是童年的幸福味道

🤯爆炸头逃离马布里：
爆炸头在望春风全新升级，生食鸡蛋+芒果+椰子+白桃乌龙+espresso，芒果和白桃的味道比较浓，果香四溢，搭配厚厚的巧克力曲奇，可爱又好吃

✏️店名：「abcPlayer」
📍地址：愚园路315号"
human_47bbf9b8b6f8674f,test,0,1,0.85347503,883,职场,,,"标题：加拿大成功企业的5️⃣大特点，你学会了吗⁉️
正文：之前的笔记跟大家分享过在创业的优势，还没看过的宝宝们记得浏览一下哦～在这边创业的限制确实相对较少一些，但是之后运营的过程都是一样艰辛的！很多人都坚持不住半路放弃了 · 工作原因，我能够接触到加拿大这边很多成功的企业主。通过分析他们的创业历程，我给大家总结了5️⃣个小要点，希望能帮到想要创业或者已经在创业路途中的小伙伴们，建议收藏哦 · ✅找准市场 和国内不同，加拿大这边人口少，行业也没有那么丰富，找准公司的target audience就变得非常重要企业应该明确一个“利他”性，就是要站在客户的角度想问题，自己能够提供什么样的商品或者服务"
human_3df1d811939729fc,test,0,1,0.74893457,532,心理,,,"标题：🔥中考分流之下➡️留学适合中产家庭吗？
正文：今天跟大家分享一个刚拿到的澳洲公立学校的录取offer，借此聊聊中考与选择！
2021年，中考改革，只有一半的孩子能够上普高，另一半的孩子，家庭条件好一点的，进民办高中或者价格昂贵的国际学校，还有一部分只能去职高或技校。在和家长们沟通交流中，明显感觉到大家的焦虑！
那中考不理想的孩子，还有其他出路吗？有的，出国留学！
可能你会认为，出国留学只适合有钱人家的孩子。其实并不然，现在很多中产家庭也开始纷纷选择这条路。
相比于英美动辄50万的费用，他们更愿意选择澳洲、新西兰和加拿大这几个国家，因为可以就读当地的公立学校，性价比会高。以澳洲公立学校为例"
human_180f412631ddb299,test,0,1,0.982137,385,学习,,,"标题：1677单词停更，敬请关注我的专栏和新课
正文：截止到今天，1677单词视频已经更新了1300多期啦！感谢童鞋们一直以来的喜爱，才能让我甘愿花一年多的时间，用心只做好这一件事。每次看到你们在留言区分享自己的进步，我都特别开心，跟你们一样有成就感～ 两天前我开始了新的全职工作，所以1677系列只能暂停更新了。不过我的全套资料（讲义、ppt、音频、单词表、背单词链接等）都已整理到我的专栏课程里，点击图中的标记就可以跳转哦！ 此外，预计5月我会推出《英语晨读精讲》这门新课。不同的是，这门课不单独讲单词，而是选取美文片段，按照泛听+逐句精讲+梳理词汇+跟读这四个步骤，来提高听力、阅读、词汇、口语"
human_a30987eeda211bf1,test,0,1,0.9822006,802,旅行,,,"标题：每周一山丨探访藏在葛仙山里的千年银杏树王
正文：从来银杏不负秋，最近户外徒步当然要去看银杏啦！
🦯本周我们选择了冷门小众景区葛仙山-冰川瀑布，
[种草R]据说这里有一棵2500年树龄的银杏树王，树冠高47米，需要8个成年人才能牵手合围，被当地人视为镇山之宝。
[汗颜R]不过枯水期一路上并没有看到什么瀑布，更没有冰川，个人盲猜是冰川作用形成的瀑布嘻嘻[偷笑R]
[太阳R]最后看到阳光下金黄灿烂的参天巨树伫立在绿色森林中，感觉非常值得！而且目测下周仍在最佳观赏期：银杏叶会更黄！
🎤这次还把双十一新买的无线K歌麦克风也带出来了，
在林子里吃着火锅唱着歌，别提多惬意了哈哈哈[大笑R]
—----"
human_cc7f86a1cdbf9af9,test,0,1,0.9993311,966,职场,,,"标题：通过《跃上高阶职场》看到了职场的真相🌟
正文：[萌萌哒R]Hello呀宝子们，图姐最近在追一个综艺叫《跃上高阶职场》，或许……有人也在追吗❓❗

今天特别想跟你们叭叭几句职场的事~

我发现我真是太喜欢里边的八月小姐姐了❗

最牛的就是她在台上的那句自我介绍：“我不是慢热，我只是冷漠而已”。这句话真的很难让大家对她的印象不深刻~[笑哭R]

有人说她是来整顿职场的，确实，她对工作、职场的一些看法，让人觉得她既真实、又带感。

我觉得最让人佩服的点在于，她并不是嘴炮型选手啊❗

比如她对待加班这件事的看法是：

「会按时完成工作，提升效率，避免无效加班[生气R]」

以及在听到客户第二天一"
human_6f6641f5e227653d,test,0,1,0.99452823,328,情感,,,"标题：啊啊啊啊！家人们！快来帮帮忙！追男人啦！
正文：呜呜呜呜呜UU们我之前在学校运动会认识他的，他参加了好多比赛项目，真的超级厉害，无数次在广播里听到他的名字！这学期开学还帮我搬了行李，他可能都不记得了，但是真的真的要激动死我了！这学期我要翻身奴隶把歌唱，我想冲了！！！要到了他的联系方式我就加了，还提前换了个头像，我以前是那种沙雕憨批的，被闺蜜骂了哈哈哈哈，要树立良好的人设，我换了个可爱的，加过等了好久都没有回应！我以为他不会同意了，昨天都是带着失望睡的，谁知道！今天竟然看见他同意了啊啊啊啊！激动死我了，我赶紧回了，啊啊啊啊UU们我的回答会不会好憨批啊，快来支支招[哭惹R][哭惹R]#我的恋"
human_6558a226e3326178,test,0,1,0.53112143,731,职场,,,"标题：油车or电车，我的选择及理由。
正文：开篇第一句话：任何脱离实际用车环境来谈选择的，都是耍流氓。 第二句话：本文所有用车主观客观因素，均代表我个人，如有不同，以你为准。 电车有硬伤，但我为什么还是选了电车，采用QA方式说明。 Q1：很多大城市，摇不到或拍不到油车指标，才选择电车？ A：手握沪牌大牌指标，依然选择电车，大牌已放租，每年收取租金全当年底分红。 Q2：电车充电找电桩不方便？ A：家里有桩。 Q3：冬季电车开热空调，续航打折？ A：家里有桩，续航再打折，费用也比油车便宜。 Q4：电车自驾游，高速公路上补电，排队4小时充电1小时？ A：土生土长上海人，没有过年回老家的需求，使用环境"
human_c4a7456504796e0d,test,0,1,0.93953246,799,心理,,,"标题：作为已上岸事考前辈，不想你再走这些弯路！
正文：本人家在河南，上岸事业编一年，经常能在小红书刷到“事考求助”贴，也经常混迹在各个评论区，干脆今天就认真写一篇事考干货，希望对大家有所帮助[微笑R] ！ 1️⃣是否需要报班？ 不要报，一定不要报！❌为什么？我们经常刷到一些“焦虑文”，例如“我一个班一半都考上了”。假的！都是假的！真实情况是10个协议9个挂！ [汗颜R]现在线下班质量参差不齐，很多都是故意夸大宣传效果，大都是交了高昂学费，结果机构血赚几千，我的建议是笔试自己学，面试的话可以酌情报班。 2️⃣备考前的准备工作 想要考事业编，你要了解什么是事业编？事业编考什么？在哪里报名？选岗需要"
human_c0477ae919143fb6,test,0,1,0.99695945,883,心理,,,"标题：评论都在做实自己的内心，改变小妙招动起来
正文：一个人有抑郁症，家人和朋友都会受到感染，于是天天求医问药，担惊受怕，总是在压抑惶恐中度过，家里家外再无宁日。
心理的疾病最难排解，不是光靠劝说就可以开释的，更不是仅凭讲道理就可以讲明的。有的抑郁者很有学问，甚至是专家、教授，什么高深的理论都能谈得头头是道。但依然整日如惊弓之鸟，焦虑不安，知识似乎并没有给他太多的力量，反而成了捆绑他的绳索，学得越多，禁忌越多，顾虑越多，烦恼越多。
有的抑郁着总想哭，总感到心里有什么委屈，但又说不清。还有些人总想倾吐满腹的苦水，却总找不到可以倾吐的人，好像根本没人能够理解。
情志长期被压抑，难以宣泄，中医讲“气"
human_620ee0242cf26099,test,0,1,0.85862267,389,学习,,,"标题：敲黑板！分享高途公考学习心得啦
正文：听闻坊间传言，公考不是刷题就能通过的。作为一个过来人，今天就来说道说道。可以说，我的公考上岸之路离不开高途公考的帮助，得知被录取后我真的太感谢高途公考了！！
因为家庭关系，在我大四时就一直在关注国考、省考以及事业单位等，也做了一些题目，但真的决定要报名后，我和父母一致认为应该报个班学习。然后我就找到了高途公考，为了保障学习效果，我报了小班课，不得不说，高途公考还是非常可以的！
有全程1V1的答疑、就业分析指导、入学测评、报岗指导、学习档案、督学、模考点评以及个性化问题解决，就好像在我身边安排了一名老师，专门为我服务，感觉太爽啦！
除了一对一的服务，我"
human_52d9db4994574efc,test,0,1,0.9912004,214,美食,,,"标题：打工人の健康小零食~
正文：喜欢吃坚果~特别大杏仁！ 之前特别喜欢汤姆农场的蜂蜜黄油扁桃仁~ 现在出了芥末味的扁桃仁，真的超好吃~ 全智贤同款零食！ 芥末味恰恰好，正宗芥末风味但也不会太呛！ 扁桃仁大颗饱满，不会有什么不好的。也有一点蜂蜜的甜味，再加上芥末的“刺激”口感，配在一起简直是绝了！ 上头，完全停不下！一颗一颗越嚼越香~ 每天上班带一包，下午茶休闲来一包。 独立小包装，一盒12包，携带方便！配点美式咖啡也很赞~"
human_0f7633342cf9bf40,test,0,1,0.9937955,638,心理,,,"标题：2022提升认知的必读书籍，开启全新自我
正文：你可曾有过困惑，为啥付出了很多，却没有得到想要的回报？ 你可曾有过迷茫，到了三十而立的年纪，似乎却未找到人生的方向？ 你可曾有过质疑，理想与现实的区别和冲突之间，是继续坚守那道光，还是随波逐流，人云亦云？ 《认知驱动》给了一个答案——做一件对他人有利的事情，即利他主义。仔细想想自己的目标，有没有完全尽了一名老师，一名辅导员的职责？有没有不忘初心，保持着对学生的热爱和帮助？有没有，无论遇到任何问题困难，都有去倾听学生的声音，了解他们的想法？ 保持耐心，发挥复利的作用，用7年的时间去做好一件事。不要着急，不要焦虑，不要揠苗助长。教育是慢的工作，"
human_54d84526ab189e52,test,0,1,0.9989918,238,美食,,,"标题：夏日限定｜五丰臻我彩虹冰淇淋测评
正文：今日份夏日小☘️确幸来喽✔️ 五丰臻我✖️吾皇万睡竟然推出了联名款！这波诱惑让我怎能抵挡！ 这期就先来测评第一款【彩虹白桃口味】 ▫️ 先不说别的，光看这超高的颜值！已经完全俘获了我的心[爱心]～清新得配色，完美的诠释了“我就是夏天” ▫️ 三色的曲奇饼干碎包裹在粉嫩的脆皮表面～ 中间夹着白桃与海盐芝士双色爽冰淇淋 一口咬下去～幸福感满满！ ▫️ 价格：7.5元/支 颜值： 口味：✨ 性价比： 颜值派的小伙伴们，别犹豫～冲吖！"
human_5705f39114a0a35e,test,0,1,0.9576147,219,美食,,,"标题：Day40 你爱吃哪种水果子？
正文：1 苹果 2 桃 3 梨 4 香蕉 5 车前草 6 李子 7 杏子 8 油桃 9 猕猴桃 10 木瓜 11 芒果 12 无花果 13 椰子 14 牛油果 15 哈密瓜 16 蜜瓜 17 西瓜 18 菠萝 19 西柚 20 柠檬 21 青柠 22 桔子 23 柑橘 24 葡萄 25 樱桃 26 西梅 27 红枣 28 葡萄干 29 坚果 30 树莓 31 蓝莓 32 草莓 记得每日打卡哦～～～"
human_2ecac4f4d317c35b,test,0,1,0.99627054,444,美食,,,"标题：去南京旅游必买的手工糕团店爆赞
正文：去南京每次必买的一家糕团店，人气超火，不过还好我每次去不用排队！ ⭐️⭐️⭐️ 许阿姨糕团店⭐️⭐️⭐️ 地点:普华巷1号 交通:地铁大行宫出来走个几分钟就能到，地理位置还是蛮方便的！ ⏰营业时间:07:00-19:00 环境：苍蝇小馆，店面招牌还挺醒目的，基本外带，不过糕团包装的还挺严实，这点不错！ 服务：看着橱窗想吃啥买啥，买完当即打包付款！ 人均:20左右，具体看你怎么吃了！ 种草宝贝：❤️三色糕颜值很好，每次必买，微甜口感，入口软糯有嚼劲！ ❤️肉松青团和豆沙青团也是每次必点，里面的咸蛋黄肉松个头超大，一口咬开满满的幸福感，豆沙很香甜细腻！ "
human_e5a056f844f64b8b,test,0,1,0.981368,990,旅行,,,"标题：澳大利亚600旅游签证材料清单超全
正文：600旅游签证虽然没有什么申请门槛，但是在材料准备上也要尽量齐全到位，否则一不小心就会被拒签。小麦总结了申请澳大利亚600旅游签证的材料清单，希望对大家有帮助！ 个人材料（均需彩色扫描）： ▪️护照（个人材料页、底页以及所有贴有签证标签、盖有出入境章或有签字的护照页 ） ▪️身份证（正反面） ▪️照片 ▪️户口本（主页和家庭成员整本，空白页除外） ▪️54表(英文或者拼音填写，需要有见证人签字) 资金证明 ▪️银行流水：至少3个月，余额保持在5万以上，有常规的收入进账。 ▪️定存存单：5万人民币存款（建议至少3个月） 还可提供其他资金证明，如房产"
human_bd1326af64f87001,test,0,1,0.99911124,355,情感,,,"标题：这么甜的DR钻戒，男友也不会吝啬哦！
正文：姐妹们，最近嗑CP超想和你们安利一下我超爱的“年糕夫妇”！真的是太甜了，而且我家那位男友，还给我安排了他们同款的DR钻戒，激动激动~ 我嗑的“年糕夫妇”是朗朗和吉娜，自从看了这对CP的综艺，我就被他们爱情洗脑惹。钢请大师和钢琴女神的梦幻爱情故事，真的让我上头不要不要的。 让我最感动的是朗朗在吉娜生日上，为她送DR钻戒。我很喜欢DR钻戒的浪漫✅，一生一次的机会送给爱的人，这样会让女生觉得超有底气和安全感！ 男友知道我的喜欢DR钻戒这个小心思，居然也为我定制了专属的DR钻戒，还对我说你是我的DR，一辈子只认定你！ 我现在不仅嗑CP粉，我还是DR真爱"
human_14cfd363f94720fc,test,0,1,0.9907205,261,健康,,,"标题：探店|这间推拿店美到我想住里面！
正文：今天又是尝试人生第1次的1天~ 去的是一家推拿店，位置很好找。 手亦人•按摩SPA•推拿调理（石厦店） 地址：福田区石厦街石厦新村12栋201 营业时间：周一至周日 10:00-23:00 环境优美雅致，我超爱的装修风格!设计感很强，走道旁有一系列漂亮的景观植物，投影在地面的指示牌也很精致。 包间空间很大，干净卫生，体验感太棒了~ 给我们安排的两位技师手法非常专业，头、肩颈、四肢、后背都很仔细，四肢包括手指都会拉伸，力道适中，也会随时问我们要不要调整力度轻重，贴心又耐心!"
human_66e41b2389ab94d3,test,0,1,0.99688977,953,美食,,,"标题：【美食推荐】羊肉手抓饭，超详细讲解
正文：大家好，我是十一妈妈。天寒地冻，是不是都想来一口羊肉来暖一暖身体呢？今天给大家推荐一款老少咸宜的羊肉手抓饭，让你们吃在嘴里，暖在心里！ 准备材料： 羊肉一斤左右(我选择的是羊前腿那一部分，肉多，骨头少)； 一根胡萝卜 一个洋葱 一把葡萄干 两勺米 配料： 孜然粉 黑胡椒粉 食用油 盐 料酒 做法： 1⃣. 羊肉洗净后切成三乘三厘米左右大小，加入适量的料酒，孜然粉，黑胡椒，盐和油，拌匀后腌制半个小时左右。 2⃣. 两勺米洗净后，浸泡一个小时左右。 3⃣. 把胡萝卜切成小手指一样的大小，洋葱取四分之三切成条，还有葡萄干洗干净沥干水，备用。 4⃣. 锅"
human_4b908bd824a11207,test,0,1,0.9991749,1040,职场,,,"标题：失业困局！用1年时间做3件事，让人生脱胎换骨
正文：这两年经济下滑很多行业受牵连！几个要好同事短短几个月接连失业！尽管公司给大额补助，可毕竟要面临收入空窗期！有同事综合实力好，能快速转型到直播等领域，而大部分人还原地停留 关于职业，分享我的几点思考✊ —— 1、给我们几条人生警示❗ ❶、关于变化 职场真的没有铁饭碗！当年赚再多，市场变了、政策调整，有多高就会跌多狠 ❷、关于身份定位 必须要转换思维了！！你不是为公司打工，而是为自己打工！！你一切的选择都应是为自我事业铺路 ❸、关于能力 把自己打造成通用人才！！就算你从事领域动荡，你身上具备的通用能力也能支撑你快速转型 ❹、关于资源 积累人"
human_5d658018b7c12dd1,test,0,1,0.9907556,863,心理,,,"标题：realme GT Neo3上手评测，全能游戏旗舰手机
正文：realme正式带来旗下首款超百瓦充电的产品——真我GT Neo3。为了进一步满足不同用户的需求，4500mAh+150W快充版本，搭载天玑8100移动平台+独显芯片，性能十分强劲。 外观方面采用了经典的赛道纹，为手机带来更浓郁的电竞氛围。我入手的勒芒赛道配色，选用高饱和度的蓝紫色后盖，配合白色的赛道纹，一眼就让手机成为视觉中心。手机后盖采用拥有细腻、温润手感的AG玻璃工艺，并带来不易沾染指纹的特性。为了让双条纹和AG玻璃完美融合，realme选择柯式印刷5重微米级油墨转移工艺，让白色和蓝色形成独特的撞色。 屏幕采用一块6.7"
human_1cb66d71a248ac74,test,0,1,0.736557,392,旅行,,,"标题：看遍最美中国！25部中国地理纪录片分享
正文：25部《中国地理纪录片》合集（共350集）足不出户遍历祖国大好河山，还能让孩子学习地理知识，学以致用。为孩子收藏起来[派对R][派对R] 01 《航拍中国》 02 《美丽中国》 03 《地理 · 中国》 04 《中国古镇》 05 《河西走廊》 06《第三极》 07 《敦煌》 08《大秦岭》 09 《江南》 10《乌镇》 11 《望长安》 12 《汉水汉中》 13 《天地洛阳》 14 《河之南》 15 《南京城》 16 《金城兰州》 17 《北京中轴线》 18 《大美青海》 19 《大黄山》 20 《庐山：人文圣山》 21 《麦积山石窟》 22"
human_169ad29a8024f293,test,0,1,0.9990085,485,学习,,,"标题：爱丽丝的梦境，你要来吗✨
正文：点击图片左下角【抽奖按钮】 7月20日，抽3位锦鲤本鲤 送【课程免费学习名额+原创插画明信片】 -------------------------------- 即使长大，也要相信童话和魔法 【✨Alice in wonderland】 · 梦境从坠入神秘的兔子洞的那一刻展开，爱丽丝开始了奇幻的冒险旅程…… 我喜欢故事里那些荒诞的魔法道具，喜欢梦境中那些无厘头的朋友们，更喜欢那个成长蜕变后，依旧保持着好奇和对世界的探索的小女孩。 · 这期课程真的准备了好久，从去年就开始画草图，将脑海中的想法一点点勾勒出来，推翻又推翻，重新描绘和搭建…… 感谢各位小伙伴的信"
human_ec2bf0a88ceb1e67,test,0,1,0.57727015,601,情感,,,"标题：【影帝的追妻火葬场】他把她纹在了锁骨上
正文：《四时玫瑰》
作者：乔迹
【文案】
官婳被隔辈的老人养大，从小蜜罐里泡着，颦笑撩人，在世家圈子里受尽宠爱。
可就是在顾铮那里讨不到好。
官家出事，官婳急火攻心住了院，给顾铮打电话，他不接。
那回，她只等到刷屏全网的热搜，他和陌生的女子亲密接耳，气氛暧昧。
决定出国读书那天，官婳把没送出去的礼物、记录他点滴的手账本全丢进垃圾桶。
*
有人问总在顾铮身边打转的小姑娘怎么好久不见了，他勾起薄冷的唇，轻轻一笑。
“玩两天就该回来了。”
后来才知人已远赴纽约。
霎时心里空落落。
*
再次相遇，官婳成了顶级新人奖加身的导演。
网上流传她与顾铮牵手的照片，"
human_b1d79257a21b1d39,test,0,1,0.9383458,846,旅行,,,"标题：隐居山海的艺术殿堂：三亚太阳湾柏悦酒店
正文：这家酒店已经有诸多荣誉加身，不过那些与我无关。 1⃣️如果让我选出三亚最好的酒店，我的选择是它；2⃣️如果问我国内柏悦的旗舰店是哪家，我的答案也会是它，这就够了不是么? 今天就来看下这家独占一湾，私密度最高，三亚海边✨闪耀的星辰：太阳湾柏悦酒店。 城市：海南，三亚 地址：吉阳区，亚龙湾国家旅游度假区太阳湾路5号 风格：度假 服务：优秀 三亚柏悦是最适合情侣去度假的酒店，因为它不但够私密，也足够清静。相比之下，艾迪逊可随意进出，一堆网红打卡，以前进门查岗的文华东方现在也不管了，一到下午傍晚，岸边3米一个网红，还有很多直接是来拍淘宝卖家秀的。 唯"
human_618d7c5d98aaef00,test,0,1,0.96846145,827,职场,,,"标题：26岁女生互联网大厂的工作感受和未来规划
正文：交代一下背景：台湾本科毕业，电影制作方向。做过某地方台十八线新闻女主持，也搞过商业广告片。最后辗转到杭州进入baba厂，我可能做梦都没想到自己会做客户经理。因为我一直倡导吸引力法则，不太喜欢强买强卖。[扯脸H] 正题[doge] 在阿里的成长速度是飞快的。 [哇R]商业思维：其实我并不是一个销售力很强的人，但在每次和商家攀谈后，我一定总结出这家公司商业的变现模式，以及目前的短板，这种商业思维是我在电影行业里接触不到的。 [吧唧R]如何和TL有效沟通:不得不说在日本和台湾，就是老板布置好工作你去做就好，你只是一个执行者，但在阿里我学会的是和老"
human_8c9f98499cf2a992,test,0,1,0.9931583,265,情感,,,"标题：平安夜的疯狂(2)
正文：虽然闹心的分手告一段落， 但内心那种压抑却依然存在， 亟需一个宣泄出口。 Tiffany, 这边本地出生长大， 身材娇小， 五官标致， 性格闷骚， Party 控， 大学时带着我见识过不少大场面。 平安夜虽已跟Jason有约， 但可以想象， 这场约会的主旋律将会是客套和尬聊。 于是决定在跟Jason吃完饭后， 转场跟Tiffany 去参加Party, 关键是可以认识新的型男帅哥， 满足自己那份好奇心和新鲜感， 促进多巴胺的分泌， 已经开始有一丝丝的兴奋…… #情感 #寻找小红书懂我的评论 情感"
human_1034a346f5810c7c,test,0,1,0.9985216,579,旅行,,,"标题：秘鲁旅行 Day06 Cusco探索☀️⛰️
正文：回顾2016年的旅行✈️ 秘鲁 . 库斯科(Cusco)附近还有几处印加遗址: Tambo De Machay（印加皇室的澡堂），Pucu Pucara（守护通往圣谷的前哨站），Quenko（印加神庙），Saqsywuaman（印加帝国首都），但都在西班牙侵入时遭到严重破坏。 我今天的安排是从库斯科市中心一直走到山顶的Cristo Blanco俯瞰这座高原城市。 由于前两天都在爬马丘比丘，体力下降了不少，再加上高海拔，等我抵达山顶时已经累到不行，只能坐在那里边休息边欣赏美景☀️ 接着走去了旁边的Saqsywuama（英文读成Sexy W"
human_c59416ade7c54122,test,0,1,0.9967361,352,健康,,,"标题：海尔胎心仪是孕期宝贝的呵护神！
正文：自从怀孕之后，我感觉和打怪升级一样，解锁了很多新技能，孕期要了解的事情真的太多了。 少不了的就是无数次的产检了，刚开始那会儿测胎心，每次都得去医院，排长长的队别提有多麻烦了，而且在家的时候不能随时观察宝宝的胎心。 这不前几天我家宝贝就有点脐带绕颈，可把我担心坏了，医生建议我买个胎心仪在家里用，于是我特意去网上做了不少的功课，海尔胎心仪成为了我的首选，无论是颜值还是使用感受，我都觉得非常nice。 上手之后，每次测胎心真叫一个又快又方便，因为海尔胎心仪它里面有胎心引导技术，并且还有2.5兆赫兹的医用超声高敏探头，智能又精准呀。 在孕期的妹子们赶快安排起"
human_1a931b87ee6e5f40,test,0,1,0.98592794,393,职场,,,"标题：11个 Chrome宝藏插件｜上班族必备 ✅
正文：11个提高工作效率的 Chrome浏览器插件：
00:00 Link to Text Fragment
01:02 Set Extension Shortcuts
01:40 Nimbus Screenshot and Screen Recorder
03:02 uBlock Origin
04:22 ColorZilla
05:06 Picture-in-Picture
05:26 Papier
06:20 FlashTabs
07:15 Button for Google Calendar
07:35 Clean Master
08"
human_1e4ad769b6ac7257,test,0,1,0.9075827,282,学习,,,"标题：宝藏高效学习小tips
正文：最近才打开🍎自带的这个听觉，真的挖掘了宝藏！！🌟
我特别喜欢雨声，海洋也还不错，其他的这几个我都觉得会有点嘈杂～[偷笑R]
然后网易云的这个学习歌单！！！真的是宝藏☀️，都是轻音乐，每一首都很舒缓，能很快静下心来背得进去东西。
最重要的是这个背景音会根据你听的音乐的音量舒缓程度自动调节！！反正很适合背单词～
🎧：AirPods2 和华为的有线降噪耳机 （不用降噪也没关系背景音乐会让你感觉很安静）
马上双十一准备入手头戴降噪啦 到时候效果肯定会更好的[偷笑R]期待期待[哇R][哇R]#医学生的日常 #学习歌单 #宝藏学习方法"
human_b5a2afa3e59c6ac2,test,0,1,0.99626046,789,学习,,,"标题：申博辅导我们是养成系陪伴！
正文：今天看到学生评价我们为 “养成系”，感触还是挺深的，所以写下这篇小文。 不得不说，学生这个总结真的太精准了！我们真的是从学生们还是申博小白，一路陪伴学生们成长，过五关斩六将，最后拿下录取！ 不少同学一开始申请都是迷迷糊糊的，但是一年之后，确实看到了很大的进步和成长！这也是让我们欣慰和自豪的！因为我们从来都是以师长的身份，希望真正帮助同学们，提高学生们的能力。因为只有真正能力提上去了，我们的申请才有成功的可能。不管竞争如何激烈，咱们踏实一步步做好，才能水到渠成地拿下offer。这是我们一直相信的！努力，才会有希望！ 确实我们在申请路上遇到各种各样背景的同学"
human_203d89a9e205de76,test,0,1,0.9962394,268,穿搭,,,"标题：雾耳の私服测评｜米白色帽子
正文：雾耳の私服测评｜米白色帽子 叮咚！深夜赶作业人来更新啦！ 今天分享的是我最近新买的帽子！ 款式+价格 硬顶or软顶：半硬顶显颅顶高 帽檐：帽檐弯曲 超显脸小 颜色：米白色 （姐妹们注意哦，不是纯白色！只钟爱小白帽的姐妹们慎买哦） 价格：79 优缺点 优点：硬挺有型，牛皮侧标超吸睛 刚开始在网上看到的时候，真的觉得这顶帽子好普通，但当时急需帽子就入手了，没想到拿到手特别有质感！真的简约不单调，非常惊喜 缺点:送过来的时候有点被压变形了，帽檐有点歪，后面花了好大力气调整。 @穿搭薯 春夏帽子分享"
human_dc38b067bbeec202,test,0,1,0.99363285,332,情感,,,"标题：七夕限定|这款鲜花被朋友圈追着要链接
正文：我们总会遇到为了给你快乐费尽心思的人。 今天就是七夕啦，昨天收到了蒋老师给我订的鲜花，发到朋友圈居然被朋友追着问链接。想着蒋老师真是难得审美在线，一问才知道原来是他在美团外卖上订的团扇花束，好东西赶紧分享给大家[斜眼R] 这束花主要是粉玫瑰和白玫瑰，清新淡雅，花后边有团扇装饰，底下还有挂坠和流苏吊穗，抱在手中花香沁入心脾，简直是扑面而来的中式浪漫，完美地契合了七夕的传统韵味[买爆R] 昨日上海暴雨如注，美团送花依旧及时，再次给美团点赞。 对了，这款花束是七夕限定的哟，8月14号就截止了，喜欢的宝宝们看我最后一张图，赶紧下单吧，最快30分钟送达哦"
human_87cd98e41d192f03,test,0,1,0.99176764,515,健康,,,"标题：秃头女孩的自我拯救，好头发还得靠养啊！
正文：头发出油严重，头发也掉的越来越多是多少年轻人心里的痛啊 我之前就总是被朋友叫做贝勒爷（︶︿︶） 后来也真是没办法了，也开始注意各种防～脱～生～发的方法，慢慢的把头发给养回来了，✨发际线也回来啦，真的是开心每一天哈哈～ 方法虽然简单，还是需要坚持下来的~ ✨养发粥 主要就是黑米黑豆红枣那些，提前一晚上放电饭煲里，早上来一碗真的超级不错。 平时也要记得多吃一些坚果类，瘦肉，黑芝麻，和各种水果（尤其是猕猴桃）可以补充营养，可以让头发更黑亮哟～ ✨控油防～脱洗发水 讲真的哈～姐妹，控油防脱的洗发水那必须得安排上呀！像我现在的话呢就是洗完清清爽爽还挺蓬"
human_b2447af732bf6c0f,test,0,1,0.9981008,268,健康,,,"标题：秃头少女养发食谱大揭秘｜桂格五黑燕麦片
正文：姐妹们，你们有脱发的烦恼吗？我之前每次洗头都能抓下一大把头发，肉眼可见的头发日渐减少，跟闺蜜吐槽，她跟我说你吃黑燕麦啊，我网上做了功课，最终买了桂格五黑燕麦片。 我之前早上上班有时起晚了根本来不及做早饭，现在每天早上都会喝一碗五黑燕麦片，倒入碗里用热水冲开2分钟就能吃，既营养又快手，零蔗糖添加、低卡，减脂人士也能吃哦，妈妈再也不用担心我早上不吃早饭了，而且还能养发！ 我现在喝了差不多一个月了，洗头掉头发的数量起码比之前少一半，而且现在头发还超有光泽！秃头姐妹们，你们赶紧冲起来！！"
human_d7fe96b4b2a3b7c3,test,0,1,0.75633705,544,美食,,,"标题：减脂人圣诞营养搭配｜甜品早餐仪式感满满✨
正文：Merry Xmas Ladies！对于减脂人的圣诞美食来啦～ [赞R]P1: 元气莓莓泡鲁达？+代谢三剑客+太阳蛋 元气莓莓泡鲁达：1⃣️鲜牛奶浸泡全麦吐司一夜备用. 2⃣️元气丸丸2颗捏碎，加入无糖酸奶搅拌均匀.3⃣️准备 莓果、肉桂粉备用.4⃣️一小块黄油，小火烘烤泡好的吐司 装盘.5⃣️倒入准备好的丸丸酸奶6⃣️撒上莓果+肉桂粉搞 定. PS：代谢三剑客蛋白粉+山药粉+元气丸丸 [赞R]P2:盐烤三文鱼+土豆泥沙拉 土豆泥沙拉：1⃣️土豆+胡萝卜蒸熟备用2⃣️西兰花煮 熟备用3⃣️把第一步压成泥，喜欢口感层次分明的用勺 子压.（这里"
human_16aebfd8237afdaf,test,0,1,0.94855344,759,心理,,,"标题：学霸4大烦恼😣自身经历揭秘（5/5）
正文：最后一个学霸的烦恼是：没有经历失败的洗礼 the first shot be the best shot
这可能是本篇文章最subtle 的一点，但对我个人影响和启发甚大。
学霸们因为在人生竞争的第一炮-公开考试-就成功打响头炮，所以在未来容易出现心理暗示：第一次就能成功
然而，世界上各种实验数据和谚语都告诉我们：失败乃成功之母、100间公司有99间fail 云云，在路途上跌倒是正常不过的事。
我们都知道呀！但这不妨碍第一次就能成功呀！
这个可笑的学霸人设，让我们把第一次的准备工作做得充足，脑中无限推演盘演，心裡期待一炮而红。
但在这个加速的世"
human_fe2dccd5457ceb11,test,0,1,0.9949597,463,穿搭,,,"标题：「泡泡糖」外底又来了！Dunk 新配色有点好看！
正文：近两年 Dunk 系列可以说是球鞋圈人气最高的鞋款之一，凭借丰富的设计主题，众多的配色选择而被无数鞋迷追捧。 近日，一款向洛杉矶道奇队致敬的 SB Dunk Low 实物曝光，还有让人印象深刻的「泡泡糖」外底设计。 鞋身采用蓝、白配色方案，麂皮搭配皮革材质，质感不俗。 鞋舌内侧棕榈树和 Welcome 图案（欢迎来到道奇体育场），点明鞋款主题，鞋跟 Nike 刺绣，带来更多色彩层次感。 生胶大底有一块口香糖一般的痕迹，意在致敬咀嚼泡泡糖的棒球运动员，设计灵感颇具巧思。 据悉，全新 Nike SB Dunk Low “Los Ange"
human_8eaedc5fb09bf5e6,test,0,1,0.95691067,607,健康,,,"标题：对抗肌肤衰老这款面膜轻松搞定！
正文：作为一名资深的加班党，熬夜成了我的常态，久而久之，我的皮肤状态越来越差，明显感到肌肤有了衰老的痕迹，也尝试了很多种修护抗老护肤品，效果都不尽如人意 前阵子同事给我推荐了一款宝藏面膜，就是fresh白松露面膜，用完之后简直真香了好吧！ 面膜的主要成分是白松露和白芒花籽油，这两者都是植物成分，所以用起来一点也不担心对皮肤有刺激噢！ 黑松露，大家都了解过一点儿，因其价格贵而出名，都是高级餐厅里的王牌，但白松露可是更加珍贵呢。如果说黑松露是Gucci的级别，白松露就可以说是爱马仕了。但好的面膜当然要使用zui优质的原材料嘛~ 而且品牌还可以提炼出100%纯度"
human_b1828bcbacd88ee3,test,0,1,0.99736434,1007,心理,,,"标题：如果成熟女人是这样的结局，你想变成熟吗？
正文：-今天看到一句特别心酸的话：离婚之后，终于可以理所当然把最甜的那块瓜留给了自己了！
有多少女人跟她一样常常忽略自己，总是把家人的需求放在第yi位? 不想承认，两年前我，就是那个不舍得给自己吃蕞甜西瓜得那个女人。
-我自幼乖巧懂事，总想把蕞好的东西留给爸爸妈妈，姐姐弟弟。结婚之后更是把老公、孩子的需求当成了全部，每当我想宠爱自己给自己买件喜欢的东西或者给自己身体放松做个SPA时，内心总有个声音前来制止“下次，这次算了吧”…

偶尔满足自己一次，内心还要充满负罪感。其实，很多时候我不是不能对自己好，而是不敢对自己好！
这种不敢对自己好的女人，也"
human_7b2091b9835a37e4,test,0,1,0.8929689,252,情感,,,"标题：廊坊婚纱照！清新治愈的呼吸浪漫！
正文：拍摄：@廊坊维多利亚美学 风格：清新/森系/治愈 真实客照，请勿转载❗️ 初夏的森系婚纱照 就像柠檬气泡水 清爽甜蜜的爱情味道 仿佛回到了“初恋般”的美好 女生清雅的妆容 氧气感十足 搭配白色婚纱温柔️人！ 自然的动态抓拍 画面清新干净而美好 幸福感溢出画面 想把所有美好的词汇 来形容这组廊坊森系婚纱照 森系婚纱照 小清新婚纱照 外景婚纱照 草坪婚纱照 #廊坊婚纱照 #廊坊婚纱摄影工作室 #廊坊婚纱摄影 #廊坊婚纱店 #廊坊备婚 #廊坊婚纱照推荐[话题]"
human_79e2c07ac66abfa6,test,0,1,0.9834095,380,美食,,,"标题：最爱吃的鱼，忍不住分享一波
正文：这是我在周口最爱吃的鱼——半天妖～ 有次去青岛旅游，就被它吸引了，没想到没过多久周口也有了，已经去过四次了，每次去都超爱。 1⃣️口味多：青花椒味，剁椒味，麻辣味，老坛酸菜味，贵州酸汤味，黑椒味，双椒味。我最爱吃麻辣味，刚吃起来不够味儿，后面越吃越得劲！ 2⃣️服务好，方便，连打包都超用心讲究，专门的盒子，专门的加热包，一点不多收费，非常贴心了。 3⃣️米饭，小吃（比较少）和饮料都是自助的，米饭配鱼，鱼配可乐，哇，嗨的。 4⃣️环境优美：不管是闺蜜呀，情侣呀，都适合去。 5⃣️分量足，价格实惠：我们每次两个人去吃，都是最后要硬吃，才不会浪费太多，其实三个"
human_db1a8bf3289aa7d2,test,0,1,0.9915379,231,运动,,,"标题：【挑战早起锻炼60天】（37/60）
正文：啊，早起摸鱼跑个步~结果着急上班，一晃又晚上才打卡
最近加班过晚，晚饭吃得少，但还是胖了。昨天吃了2000卡，胖了半斤…伤感…明明还健了身，挨了饿…果然上班要胖
【背景介绍】
前30天效果：胖10斤，运动状态不错。
作为一个资深懒人，很好奇自律的中年男人生活什么样，所以安排了这出60天早起挑战。这60天我会把自己作为实验素材，记录饮食，观察身体变化，看未来生活能不能有明显蜕变~
本次行动，代号【中危补完计划】"
human_b50e111dcd7ac191,test,0,1,0.5894881,1008,职场,,,"标题：近期互联网面试合集—美团|京东|游族|三星
正文：最近历经千辛万苦终于从英国回到国内，结果又遇上成都疫情……转念一想，正好在隔离期间闭关准备面试了。（然而另几名分鸟还苦苦在笔试和等面试阶段[捂脸R][捂脸R][捂脸R]）

👍京东一面 9.1
我分到了京东健康的COE方向，一开始有点紧张，热身完后发挥逐渐好转。面试官看起来有点疲倦的样子，但似乎对我的回答还算满意。
问题🈶：
本科和硕士阶段的学习情况
是否有校园社团经历，展开说说？
为什么要再去读一个HRM的硕士
硕士论文的研究情况
对培训和TD的理解
实习期间你作为负责人主导的一个项目
是否做过需要协调很多成员的项目经历
如果有人不听你"
human_51976077a14b6728,test,0,1,0.9269916,486,健康,,,"标题：宝宝【感冒流清涕】，两招搞定‼️
正文：前天晚上回家，奶奶告诉我小家伙感冒了，鼻涕像开闸的水龙头一样，哗哗流个不停，鼻尖都被纸巾搓红了。小家伙的感冒源于他每晚放飞自我的睡姿，永远盖不住被子。看他说话都瓮声瓮气的，挺心疼。好在感冒初起，及时干预的话见效快。于是当天晚上就给小家伙搓了扇子骨，把他搓的热热的，又给他揉外劳宫揉了十分钟。弄完后把他往被子里一堆，哄他睡觉。当天晚上我睡得比较警醒，隔一会儿就给他拉一次被子。这样捂了一晚上，第二天奶奶说早上几乎没鼻涕，下午稍微有点。于是又重复了一次昨天的推拿。第三天宝宝已经生龙活虎跑到外面打球去了，一天都没流鼻涕。这次感冒算是彻底治愈了。 感寒推拿手法"
human_739f6d9c5b904a08,test,0,1,0.9953147,287,美食,,,"标题：生椰和榴莲的奇妙组合！披萨的新吃法get
正文：又到了榴莲节 哇，乐凯撒的榴莲升级了椰 这次的新品简直是榴莲生椰爱好者的心头好！ 把我zui喜欢的两种口味结合在一起 迫不及待来尝尝鲜啦 . ️点了两个榴莲的单品 谁能想到生椰榴莲披萨➕猫山王榴莲冰淇淋的吃法这么绝！ 浓郁的椰香榴莲披萨夹上香甜冰凉的榴莲冰淇淋 一口下去满满的榴莲香气 每一口都能吃到饱满的榴莲果肉 脆脆的椰子肉让口感更加丰富了 这个感觉太妙啦~姐妹们快试试 . #乐凯撒榴莲升级了椰  #深圳美食  #深圳探店  #乐凯撒  #隐藏菜单  #冰淇淋  #深圳下午茶 #榴莲的神仙吃法 乐凯撒榴莲升级了椰"
human_3cfbf5c08e6d46ac,test,0,1,0.99086046,253,情感,,,"标题：恋恋红尘 岁月静好
正文：弱水三千，芸芸众生， 我只为你驻足。 与你携手， 跨过山川，领略万水千山， 穿过喧嚣，倾听鸟鸣花开， 走过四季，感受春花秋月， 抚慰时光，感谢岁月静好。 凡尘俗世，纷纷攘攘， 你只为我守候。 与我一起， 陪伴老人安度晚年， 抚育孩子健康成长， 体味人间烟火气息， 成就彼此共同成长。 柴米油盐酝酿出人生美味， 锅碗瓢盆演奏出岁月和旋。 星辰大海于时光中璀璨， 诗和远方在梦想中发光。 声明：内容文字为原创，图片来自网络。未经授权不得转载，谢谢。 #婚姻 #两性 #家庭 婚姻"
human_d7a7314f8163c7c3,test,0,1,0.95654553,816,健康,,,"标题：营养不长胖🥇产后42天月子食谱 大放送！！
正文：👏🏻👏🏻今天朋友问我月子里是怎么吃的，分享一套金牌月嫂整理的42天超全科学月子餐食谱，跟着食谱吃，不但恢复的快，身材也不会长胖哦！

👼🏻分娩第1周
🌟饮食:产妇身体虚弱不堪，没有食欲，即便是这样也要坚持吃口饭，及时补充营养和体能，尤其是富含蛋白质和补血的食物！少吃油腻的和不易消化的，少食多餐。剖腹产的宝妈，一定要等到排气后再吃东西。
💙母乳:产后2到3小时开奶。往后一天喂奶至少8次，有效刺激泌乳。可对乳房进行按摩和热敷。
🚩排便:为了让膀胱恢复正常，分娩后6小时要排出小便。多喝水预防便秘。尽量养成在固定时间排便的习惯。
清理恶露:分娩当"
human_f4fe849cc058b9c4,test,0,1,0.9697408,380,学习,,,"标题：好爱啊！沉浸式体验超美绘本
正文：绘本真是个治愈的存在，每次翻开绘本，仿佛穿越到用彩色或黑白的世界里，是绘本带来的独有享受。 · 这三本超大开绘本，光是从书的面积上就能带来超棒的视觉享受，而且不缺乏观赏性，画风我很喜欢，再配上应景的名言名句，画更好看了，语言也更丰满了。 · 除了绝佳的观赏性，书中还有丰富的知识科普，欣赏的同时不耽误你涨知识哈。 · ⛰️关于《山》 这是我最爱的一本，画风简直了，太合我的胃啦。书中画的山有想象的也有真实存在的，对于真实存在的山都标明了详细的景观地点，有著名的珠穆朗玛峰、喜马拉雅山脉、冈仁波齐峰、厄火山、马特峰等等。 · 关于《海》 介绍了海洋中的生物，还有"
human_25b8a53f94db9577,test,0,1,0.99509627,319,穿搭,,,"标题：名媛风穿搭|ASM ANNA新品分享
正文：很喜欢那种名媛风的穿搭，感觉整个人都一下子变得精致起来。 ❤️这件算是典型的小香外套了，但和一般小香外套不一样的是，它的版型是H型的，不会特别包身，也显得整个人非常的挺拔有型，搭配裙子裤子都超好看 ❤️很简单的一身黑白配，裙子的竖条纹理不经意间就把整个人的身形拉长了，自带P图效果。搭配有点复古风的黑色小外套，秒变精致女神呀 这套整体颜色都比较淡雅，很符合那种说话温温柔柔的名媛的气质。裙子是那种一片式的设计，简约又有设计感，搭配软糯糯的上衣，超嗲超美的 ❤️这种带一点灰调的蓝色也是超级显温柔显气质的，裙子整体不算特别修身，袖口是比较宽松的但袖口的"
human_1c16426a3f404081,test,0,1,0.9827153,923,健康,,,"标题：「干货」山姆购物攻略！控糖！养生！性价比高！
正文：在漫长的减肥战线中，我尝试过低碳、低脂、生酮、低糖、有氧无氧等各种减肥方式，同时戒掉夜宵、白砂糖、白米饭、猪肉这些，当然期间也经历过节食、暴食、反弹、失调等系列减肥并发症，直到减肥成功后恢复到正常饮食调整心态不断摸索选择适合自己保持身材的方式才稳定到现在的健康状态 ，那就是就是从灵魂深处抵制：糖！ 作为控糖的养生女孩去山姆会买一些什么呢？ 我的首选是高性价比量贩装海鲜肉类、新鲜蔬菜水果、有机五谷杂粮、干货、调味料。我认为的养生就是尽量自己做饭，多吃新鲜的肉、蔬菜、水果。吃外食多少会参杂一些奇怪的调味料。 很多人会觉得山姆的东西贵，其实通"
human_ab9c2020e38a9674,test,0,1,0.99731296,585,职场,,,"标题：咨询小白必看‼️四大面试case你了解多少？
正文：想进咨询行业，首先要搞定Case Interview。作为让无数应届生死在岗位门外的“拦路虎”，Case Interview成为面试中最令人头秃的问题……

这篇帖子就和大家分享了到底什么是Case Interview以及Case 常见题型有哪些？还有以下详细干货，快快码住吧！
📌Case Interview的形式
✅融合在行为面中的Case Interview
✅现场撰写商业报告的Case Interview
✅Homework形式的Case Interview
✅小组讨论形式的Case Interview

📌如何应对Case In"
human_be7993f1de255b07,test,0,1,0.98713976,1000,心理,,,"标题：频繁夜醒可能是出牙惹得祸，新手爸妈必看❗
正文：熬过了月子里的频繁夜奶，二月的肠胀气
我家小柒终于给我争了口气，自从70多天后她基本就吃1-2次夜奶，我也能休息好啦，带娃也更有经验啦，我以为从此宝宝就好带啦❗直到4个月的时候，现实给我狠狠一巴掌！[捂脸R]她又开始频繁夜醒啦，差点没把老母亲老父亲给送走，连她爸的好脾气都给磨完啦，有次晚上凶了她[笑哭R]我也是时不时抱怨，为啥她这么能闹腾！直到前两天发现她长出了两颗牙！然后我就深深自责，都是我们不懂她，不是她能闹腾！总结了一些经验分享给新手爸妈❗

1⃣宝宝出牙的常见表现和护理方法
[一R]爱流口水：躺着时还好，尤其趴着时真的是飞流直下三千"
human_488464f463d8ca8d,test,0,1,0.7732358,333,美食,,,"标题：🇦🇺仅260大卡！五分钟快手微波炉芝麻蛋糕
正文：最近迷上了用微波炉做蛋糕，真的太太太方便了，搅一搅拌一拌几分钟就能吃到一份低卡又美味的蛋糕，超级适合正在减脂期的姐妹们。一份才260大卡！ 先来推荐一下这款黑芝麻的吧，口感是弹口绵密的，一个下去非常非常满足，做早餐或者下午甜点都很合适。 准备材料：酸奶40g, 鸡蛋一个，无糖黑芝麻粉10g, 杏仁粉20g(其他面粉，椰子粉皆可）代糖5g, 泡打粉2g。 制作步骤： ①鸡蛋+酸奶搅匀 ②加入所有粉类，搅打均匀 ③微波炉高火2分钟 拿出来享用吧！没错，就是如此简单！ P.s. 要用比混合液高一些的容器，蛋糕会膨胀鼓起来哦 澳洲生活 悉尼生活 "
human_bbad904e9b1d0a5c,test,0,1,0.9391238,397,宠物,,,"标题：多猫家庭推荐｜狼族东厨猫粮
正文：家里四只馋猫，外面还有那么多小流浪，日常生活就是买猫粮、买猫粮、买猫粮…… 这次我尝试了狼族东厨深海鱼肉味猫粮，很好地满足了猫咪爱吃鱼的天性，适口性超好。这款猫粮精选了纯净海域的六种鱼：三文鱼、金枪鱼、大马哈鱼、沙丁鱼、鲈鱼、鳕鱼，营养价值极高，满足了猫咪生长的多种微量元素需求。又添加了甜菜粕、豌豆、蔓越莓、车前子等果蔬，为挑食猫咪补充膳食纤维，均衡营养。低盐高蛋白的配方，还能保护猫咪排水系统，有效预防猫咪结石。 一种粮吃久了容易腻，但每次换粮都担心不合毛孩子口味。这款猫粮适口性极好，无论是家里的猫咪们还是外面的小流浪都很爱吃。凭一己之力统一了一群猫猫们"
human_68b14538e9427ead,test,0,1,0.8538323,547,心理,,,"标题：焦虑、容易放弃、自我苛责的真相
正文：当下的很多人都常处于这种状态：感觉自己被一种弥散的焦虑掩盖，找不到原因和出处。随着它不断渗透进生活，不仅影响我们做事，还伤害了与爱人的关系。 比如：工作还没开展，就觉得要搞砸，开始自我否定；一和伴侣产生小分歧，就急得发脾气，攻击对方；孩子成绩稍有退步，就无法忍受，严厉苛责；如果要想解决这些问题，优先理清的就是「焦虑的来源」。 人生多数的焦虑，都来自3个原因——「别人的焦虑」、「全能自恋」、「思维与体验」。很多考试的焦虑是原生家庭产生的「别人的焦虑」。一个考生除了自己，通常也会背负来自父母的焦虑，压力不断堆积，心理空间难以承受。除此之外，很多做事有障碍"
human_3ca9069986eaced3,test,0,1,0.9917989,276,美食,,,"标题：探店博主日常小啰嗦|开始8h进食法啦
正文：前两天讲过，当探店博主实属不易。促使我起床的动力就是一杯香浓的咖啡☕️☕️☕️有首歌怎么唱：每当走过这间咖啡屋，忍不住停下了脚步～连大美女都无法拒绝咖啡，我怎么能顶得住咖啡的魅力。盒马的这个瑞士卷真的yyds，tui好吃了，配个鸡蛋，再给自己冲一杯咖啡☕️如此完美的早餐。咖啡町已经陪伴我两周啦，越来越离不开它～冲泡只需2分钟，去厨房切个鸡蛋那块蛋糕，叮～咖啡就冲好啦！咖啡油脂香真的太好闻了。 最近在实施8小时进食法，希望自己可以成功吧。听说8小时进食法，早晨一杯黑咖啡会事半功倍！那以后就不加奶啦～"
human_f466e323cbe9f9bd,test,0,1,0.9968636,242,穿搭,,,"标题：小助理穿搭｜小冯今天穿什么？圣诞红套装
正文：嘻嘻嘻到了小冯最喜欢的周五了～ 今天可是圣诞前夜哦 小冯特意翻出来了平价款“战袍” 红色小套装+可爱笨笨鞋 今天是冯3岁哦 短裤配打底裤～ 腿长必备 小冯私藏小秘诀！ 就说爱不爱我？！ 提前祝宝子们 圣诞节快乐 集合集合 外套套装：Hohrii霍丽|女装批发 每日上新（面料版型一般 超便宜 要什么自行车） 打底裤：老规矩（翻黑色系列 有写） 鞋子：大头复古皮鞋（朋友的店） 包包：UR #秋冬穿搭 #穿搭 #圣诞 #套装 秋冬穿搭"
human_e6034396f83f884c,test,0,1,0.99442095,387,美食,,,"标题：5分钟微波炉小蛋糕➡️棉花糖可可布朗尼
正文：早晨起来突然想吃个小蛋糕 然而还要上班时间紧张，那就来个微波炉版的小蛋糕吧，5分钟搞定小美味 快来尝试一下吧‼️‼️ · ✨✨✨「具体步骤」✨✨✨ 【棉花糖可可布朗尼】 食材： 低筋面粉50g、可可粉10g、代糖10g、泡打粉1g、植物油10g、牛奶50g 步骤： 1️⃣先将粉类放入马克杯中、再放入植物油和牛奶 2️⃣可以放些巧克力碎（口感更好），搅拌均匀即可 3️⃣放入微波炉中，高火3分钟 4️⃣烤好后放入棉花糖，挤上巧克力酱，撒点杏仁片+巧克力碎点缀即可 · 散发着浓郁可可香气的巧克力布朗尼就搞定啦，再搭配一杯零蔗糖的燕麦奶，这个组合真的"
human_1fda7418b9a0f82a,test,0,1,0.9768951,323,旅行,,,"标题：趁着周末，拾回属于你的悠闲时光⛺️
正文：气温逐渐转暖，是时候带着自家小朋友去踏青撒野啦！这时候最适合露营啦～ 一起走进营地，拥抱春天吧！ 希望你带上装备跟我们一起逃离都市喧嚣，回归自然，与野为邻。 我们将用自己自喜爱的方式，迎接新春的到来！ 要问户外最美妙的体验是什么？就是露营！ 带着一颗向往自由的心来 营地设施与服务一应俱全 精致下午茶+野奢烧烤家+篝火音乐会 3月的自然+户外活动 就在营地展现 走春计划，莫负春光 暖阳下Glamping 繁忙的工作令人疲惫 记得要适当给自己放个假哦 一场「逃离城市计划」正在上演 趁着周末，拾回属于你的悠闲时光#户外露营 #一起打卡露营公社 #美食 "
human_0b77bd2ba09002f0,test,0,1,0.9931156,529,健康,,,"标题：养猫新手必看🐱|猫咪绝育超强攻略
正文：昨天有朋友问我猫咪什么时候该做绝育？他说他第一次养猫啥也不知道，然后我给他解答了一系列关于绝育的问题，现在我就把他问到的一些问题都整理了一下，希望能帮助到各位新手铲屎官啦。

🌈绝育条件及时间
1️⃣ 体重在六斤以上
2️⃣年龄6个月以上
3️⃣ 打完疫苗猫三联（时间超过一周）
4️⃣不在发情期（发情期易大出血）
5️⃣体检正常身体健康
❗注意：
6-8个月(第一次发情后）是猫咪绝育最佳时间
母猫生完小猫想做绝育，最好在生育完2个月后
🌈绝育前准备
航空箱、尿布、伊丽莎白圈、开放式猫砂盆、毯子
注意事项：绝育前禁食八小时、禁水4小时
🌈绝育后注意事"
human_e2b5a63866947117,test,0,1,0.99699223,415,旅行,,,"标题：踏青徒步好季节，看看杭州这条绝美古道❗️
正文：杭州最近的天气越来越好了，特别适合爬山徒步！ 现在就来推荐一条老少咸宜，久行不累的徒步路线： ⛰️景点：马岭古道 ⛰️导航：茆坪村万福桥 ⛰️路线：万福桥-石舍村 ⛰️坐标：杭州桐庐 ⛰️路况：平整好走 ⛰️价格：免费 ⛰️游玩时间：此路线来回全程3公里左右，完全足够当天来回。 ⚠️友情提示： 1，万福桥可免费停车 2，可带宠物 3，古道两旁一边水渠：深1.5米，一边悬崖，走路需注意一点哦～ 阳光透过树叶的缝隙，照射到铺满小石子的古道。 一侧河流在身旁穿流，还承载村民的运输。 另一侧可远眺青山，近观绿田碧水。 满眼春色却又不喧嚣、不吵闹，只"
human_ad5a45cfd605141c,test,0,1,0.95885956,715,运动,,,"标题：分享一下选健身房的小心得
正文：入坑一年，接触过一些健身房和健身工作室，想跟大家分享一下选择地理位置、环境、设施和教练一些小小心得 关于交通：建议选择靠近公司或者家其中一个地方的，太周折太遥远的话，在那些刮风下雨天寒地冻的日子会非常劝退，自己的意志力还是留着来锻炼吧！ ️‍♀️关于环境：很多场地非常高大上，高空或者超大的面积，实际上你也就沉浸在器械上或者那20平方左右的空间里，所以装修风格豪华与否，总体面积超过200平方与否真的不重要，当然如果你只是要拍照的，当我没说…… 当然，一些公寓本来不大，摆完器械四周面积连个立定跳远都不能放开跳的话，估计也不舒服 ‍♀️关于设施：器械基本的有就够"
human_018d9d8915e0a383,test,0,1,0.5211599,422,心理,,,"标题：书香一刻，静享时光
正文：🌸
作为一个行业中人，在过去的近二十年里，我曾经去过大半个中国的书店，多到无法计数。其中有超级大的，大到几千平米的，也有越级小的，小到两、三个人进去都不方便转身的。
🌸
但那些年里，书店映射在我眼里的都是它的功能性和商业性，勿忙与功利间，大多数时候我忽略了它们的格调与气质，忘记了欣赏它们的美好与香气。
🌸
反而在此刻，当我不再怀着功利心，不再揣着目的性，不再想要约谈什么事宜时，才得以从一个纯粹观众的视角，静静地欣赏到了它的美，发现了它本来该有的模样和属性。
🌸
比刻，在我眼中，它只是一家有风格有个性，可以为爱阅读的人红袖添香，可以把浮躁与喧嚣屏蔽在门外的静好世界"
human_b00a262548f99bed,test,0,1,0.50563604,470,情感,,,"标题：小说推荐｜和大明星谈恋爱是种怎样的体验？
正文：书名：《初恋一生》
作者：北逢川
类型：都市言情，情有独钟，青梅竹马
主角：陆季行 vs 尤嘉
大尾巴狼顶流 vs 小白兔医生
—
歌手出道三年，陆季行终于爆红。 E0RRD
通告满天飞，海报铺天盖地，话题量高居不下。
冷酷，帅气，
媒体称他是行走的荷尔蒙。采访的时候，记者暧昧地问他：
“哥哥的择偶标准是？”
他偏头，把手举起来在她眼前晃了晃，无名指上婚戒折射碎光，他难得露出笑意：
“我已经，结婚了。”
“对我来说，自然我太太就是标准。”
尤嘉十六岁认识陆季行，二十二岁和他领证结婚，二十四岁时他爆红。
那时候她还在医院里做规培医生，人事部的"
human_7f9369f1a3c3ae82,test,0,1,0.6925395,907,健康,,,"标题：遇到平台期，这5点你做了吗？
正文：亲爱的薯宝宝们！大家好！ 我是V老师，我又来了！ 天天坚持控制饮食，适量运动，但过了一段时间后，发现体重好像很难再减少了，甚至还有些反弹的情况，体重几天没有变化，到底该怎么办？ 今天一期给大家分享一下如何打破平台期？ 有没有小伙伴碰到在塑型一开始掉秤快，后来就掉秤慢的情况？这个现象与不同时期身体对供能物质的分解利用规律有关。在塑形初期时，糖原往往比脂肪优先被分解，用来提供能量，而糖原的消耗会造成机体大量失水，所以前期的掉秤速度会比较快。到了后期，身体其实会更多的利用脂肪分解来提供能量。同样重量的脂肪会比糖原提供更多的能量，这也导致后期体重的下降速度没有"
human_23969c22ae3892d6,test,0,1,0.9958521,215,美食,,,"标题：最近开始记录，一日三餐！
正文：我接着喝粥，配点儿饺子， 话说……真的得买俩竹蒸笼了，电蒸锅蒸的，无论用不用盘子，底部总是湿漉漉的，极其厌恶！ 今日周五，小朋友照例外食——汆肉卷粉！ 每周一，周五，都是他的卷的日！ 反正外面总有那么一碗，是比妈妈做的味道好滴[偷笑R] 最后附一张，昨天的晚餐，终于把电磁炉换成了燃气灶，终于找到一台超薄的单眼灶，还蛮有分量，稳稳当当的，就比我的电陶炉厚一点点，火力那个猛啊！韭菜豆腐都炒焦了"
human_c5a7e9ed96a00d27,test,0,1,0.99880385,521,旅行,,,"标题：妈妈带娃的50个自然小体验✌️
正文：接着上一篇继续来30个～[派对R] 21.闻味道猜果实 22.看日出日落 23.用10个词形容晚霞的样子 24.在野外辨别方向 25.用树枝自制弹弓或泡泡圈 26.尝尝雪感受冰冷 27.雨后去草地找蘑菇 28.露营 29.看星星 30.听海浪、河流的水声 31.收集树叶、石头或贝壳 32.挖野菜 33.看蚂蚁搬家 34.观察蜘蛛结网 35.用放大镜收集热能点燃纸 36.听山谷里自己的回声 37.听鸟叫虫鸣 38.听雨声 39.观察闪电给雷声倒数 40.带绘本外出寻找书中的植物与昆虫 41.用自然材料做手工 42.挖蚯蚓 43.抓鱼、蝌蚪或小虾 44."
human_c3666e2f81ff2e35,test,0,1,0.86878693,798,旅行,,,"标题：国庆吸氧之旅
正文：说走就走，2号晚订了民宿，3号出发肇庆，高速路上不堵，但景点一堆人。还是建议大家如果国庆出行，选择5号后会好点，毕竟住宿会便宜，人相对也会少点。 第一站，打卡紫云谷，由停车场到搭船过对岸，大概等了一个小时多，本来等到有点烦躁，当搭船看到西江的美景后，心情顿时开朗。可是意想不到的是，接下来我将面临一堆的挑战。紫云谷的景色有点像广西漓江，山青水秀，走过铁索桥，沿着山路一直走，山脚有两个泳池，但我不建议下去玩，因为不知道卫生情况怎样，所以还是继续沿着山路走，到溯溪那边玩水。 下游的水比较浅，玩的人也比较多，我们接着往上爬，就会去到深水潭，水深，打起水战也刺激。大概玩到三点半"
human_9a677dc3a55bc688,test,0,1,0.9985055,557,心理,,,"标题：稀缺性思维vs富足性思维：勇于改变才能更好
正文：全球知名高效能专家迈克尔.海亚特在《规划最好的一年》中提到两种思维。 1⃣稀缺性思维 也可以称为实体理论者，他们总是认为自己的能力是固定不变的。 比如看到别人自媒体做得蒸蒸日上，也想要进入自媒体行业，却在心里对自己说我不擅长找素材、不会视频剪辑、不会后期配音。 ❌在事情还没有开始之前就掐灭了希望之光，怎能做出改变。 ‼️对现实生活不满，又对改变充满恐惧的人，注定只能走向失败。 第二种：富足性思维 也称为增量理论者，他们在面临问题时，总是能寻求新的解决方法，他们相信，只要坚持下去就会有解决办法。 ✊爱迪生1978年开始研究电灯，灯丝材料试用"
human_e28dee81c2e23749,test,0,1,0.98801583,412,职场,,,"标题：90后迷茫的道路 | 自我介绍
正文：在xhs那么久，还没正式自我介绍一次。我之前是一位当了很多年的补习老师，后来辞职了。现在则是在努力创业中～虽然好多人说创业很难，但我还是想试一试。至少我试过，就算失败我也没有遗憾。 另外，有关注我的小红书朋友们就能知道我是一个手作爱好者。我从小就很爱这些贴贴剪剪的东西，家人都说我长不大，但这是我唯一一直拥有的童年爱好和回忆。我也希望可以把这个兴趣带给更多的人。❤️ 我呢？是一个挺宅的宅女，在家追追剧，看看书，做做手工就能过一天。有时候我会觉得未来很迷茫，我的未来会是怎样呢？但我从小就有一个人生格言“船到桥头自然直”，这句话教会了我不要总是提心吊胆，很"
human_710cd5265cd002dd,test,0,1,0.9913594,683,旅行,,,"标题：南京遛娃秘境｜森林和小溪的夏天｜亲子摄影
正文：•‿•♡ ✿ . 夏天藏了一个可爱的你 在清脆的溪水声里 在青草泥土香的树林里 我的小女孩 平凡也不凡 . -— —- . 溯溪、捕鱼、森林探索…… 小朋友怎么会拒绝这样的夏天呢~ 这组片子整个拍摄过程特别开心 听到妈妈收到底片后说特别感动很有感情的反馈 觉得自己的拍摄越来越有意义 摄影初衷就是为了记录 比起刻意的配合 我更希望能记录下你最纯真的样子 . 关于拍照 氛围装备 1⃣️捞鱼网兜 2⃣️防滑雨靴 3⃣️篮子 4⃣️水桶 5⃣️ 还有随手捡到的树枝 服装上可以选择跟自然接近的颜色 也可以选择明黄色之类的衣服 . . 拍摄视角 专注捞"
human_c9de9c436aa13321,test,0,1,0.97871804,263,健康,,,"标题：熟龄肌护肤指南 认准紫灵芝精华液！
正文：步入熟龄肌 肌肤老化升级 你的护肤方案也升级了吗？[斜眼R]
胶原哗哗流失 多重危【肌】悄悄加剧
一大波细纹松弛正在袭来[猪头R]
硬核抗老 还得看[烟花R]【紫灵芝多效驻颜精华液】
外舒润淡纹 内撑盈回弹
内含3重灵芝精粹 4重胜肽 [飞吻R]
紧肤质 强修护 速舒润[两颗心R]
烟酰胺+玻尿酸+泛醇[氛围感R] 全程高能补水
高纯度紫灵芝冻干精萃复配线肽*
可视化精粹 满满精华感
不挑肤质不挑季[哇R]
熟龄肌的宝子们放心撸
#紫灵芝多效驻颜精华液 #植物医生 #精华液"
human_e0b9bd942d7b397f,test,0,1,0.99857247,540,健康,,,"标题：减脂快乐！低卡麻辣香锅！嘎嘎香😭太简单了！
正文：自制低卡版麻辣香锅，姐妹们都快做起来！
麻辣鲜香，巨过瘾啊😭
我是真的做不到每天只吃水煮菜🤣
一定要吃到自己满足才行！
除了之前分享过的低卡麻辣烫，麻辣拌～
这个麻辣香锅，也是隔断时间就要做的！
做法忒简单，安利给所有的姐妹🙌
·
蔬菜：西兰花🥦，花菜，菌菇类🍄
蛋白质：虾🦐，蟹肉棒，低脂午餐肉
主食：年糕，莲藕
干料：葱段，小米辣，花椒，蒜末
调味：2勺韩式辣酱，2勺生抽，1勺老抽，1勺蚝油，1勺零卡糖，1勺熟芝麻，半碗清水
·
🌈制作步骤：
1⃣️除了午餐肉和虾，蔬菜食材煮熟备用
2⃣️锅里少油，煎熟虾和午餐肉，盛出备用
3⃣️锅里少"
human_5e517bd22d7d23d6,test,0,1,0.8789293,276,职场,,,"标题：如果给“钱”找工作，你pick哪一个？
正文：昨天有个客户在大额存单or理财产品or储蓄险纠结，我就觉得，这很像给【钱】找工作： 1⃣️大额存单：安稳的3-5年，这段时间月薪1万，但到期后薪水会变少，5年后可能是7000，10年后变成5000【利率一直在降】 2⃣️理财产品：不保证工资有多少，预期月薪1万，但可能实际到手3000，运气不好可能还得倒贴【不保证收益不保本】 3⃣️储蓄险：工作终身制，只要不辞职，一直拿薪水，刚开始月薪7000，第5年12000，第十年16000…越老越值钱【年化单利越来越高】 给自己的钱找工作，你pick哪个？"
human_7301ec35af04f166,test,0,1,0.8289599,607,穿搭,,,"标题：生活的仪式感，给琐碎的日常增加点香味！
正文：忙碌了一周，难得有个空闲的周末时光，自然要约上好友一起喝杯咖啡聊聊天。今天搭配选择了休闲的白T作为内搭，外面套了很显少年感的白衬衫，清新又不单调，裤子选择了棕色的工装裤，整个感觉是休闲但又不随便的。 . 今天的香水选的是最近最爱的木质调的百搭香水，祖玛珑黑瓶系列——柏木与葡萄藤，果木的香味冲淡浓厚的木质香，为今天的look加分。 . 馥郁系的瓶子设计是很高级的黑瓶，太有质感了，作为一个瓶子控，祖玛珑的设计感十足深得我心。这“秘境葡萄藤”的味道真的太好闻了，仿佛像是行走的荷尔蒙。 . 前调的天然柏木树脂清香，让人感觉苍翠的枝叶就在鼻尖，清香甜蜜"
human_31127586e0a6e8a1,test,0,1,0.99916124,279,职场,,,"标题：住进自己设计的新家，生活细节满满
正文：最近真的忙的飞起，经常会议群聊文档轰炸中度过一天…周末还是会认真对待，做好喜欢的早餐，打开Netflix追继续追剧[笑哭R]
最喜欢的monment还是灯光亮起，两只猫猫飞奔过来喵喵不停蹭来蹭去，家里的一切熟悉又时常有小惊喜～
后面会不定时分享装修攻略、金融常识、产品经理日常，欢迎转发和关注哦[害羞R][哇R]
今日居家分享：
射灯：3500k 防眩晕款
洗手盆：岩板盆体+实木抽屉
浴室门：超白长虹玻璃
镜柜：摩恩
马桶：恒洁Q9
手机壳：靓仔的是唔使妳理[得意R]
#装修设计 #浴室装修灵感库 #对镜自拍"
human_4140aef9abcfd1a3,test,0,1,0.9972076,796,心理,,,"标题：实用到爆❗️这本书解答了我90%的人生困惑❗️
正文：♥️你是不是也曾有过这样的疑惑：
◼️为什么长得好看的人更容易碰到好机会？
◼️是在小城市里岁月静好，还是到大城市去策马崩腾？
◼️我这么优秀，为什么还是剩下了？
◼️为什么收入越来越多，却感觉越来越穷？
◼️我现在这么年轻，需要买保险吗？
……
♥️别纠结，在人生这条路上，你可以完全相信这本书！
————————————————————————
📘这真的是我读过zui通俗易懂的经济学书籍了！

📘从前以为，经济学就是冗长繁杂的文字，但这本书让我明白，如果你深入到经济学的底层逻辑中去，就会发现经济学存在的意义，并不是告诉你一个直接的结"
human_da890d4d31d04eae,test,0,1,0.996009,971,学习,,,"标题：23军队文职，一个直戳了当进面的神奇偏方！
正文：我打包票，很多备考文职的姐妹们根本不知道考管理岗是两门卷子，技能岗是一门卷子！网上的帖子清一色公共科目+专 业科目，还劝大专生去考文职的，拜托先搞清楚考几门好嘛🙏
我标题是有夸张的成分，但不这样真没人看呐，看小红书都被搞成什么风气了哎。。。过来人实话，网上说的什么选岗有技巧，其实也就是针对小白眼界不高说的，实际怎么选岗大家心知肚明！主要还是想强调管理岗和技能岗笔试的区别，这点搞清楚，着重 点放对才能增加进面的概率啊
-
【管理岗】
1.两门：公共科目（基础知识+岗位能力）、专业科目；分开两张卷子
2.题型：前者110道题，全选择题，后者部"
human_67a0e3c6acb6c8f4,test,0,1,0.9925432,526,美食,,,"标题：金融街上的超高性价比宝藏日料店
正文：【前奏】 回老东家办事，意外在金融街上发现的宝藏日料店。 临街店铺，闹中取静，偏安一隅。 【环境】 环境雅致宜人，浓郁的日式风格。 上下一共三层，一层二层是卡座，明亮宽敞；地下一层是板前和包间，温馨舒适。 【菜品】 ✅刺身拼盘，超级最爱！百吃不腻，新鲜健康！这一份汇集了金枪鱼、黄狮鱼、甜虾、北极贝和活章鱼。甜虾鲜甜可口；金枪鱼红宝石一样的色泽，口感细腻爽弹，油脂丰盈。 ✅蔬菜沙拉，富含多种新鲜时蔬和坚果，油醋汁调味，酸甜开胃，清脆可口。 ✅黄油煎鹅肝豆腐，丰腴肥美的鹅肝经黄油煎制香气扑鼻，入口即化，搭配嫩软鲜滑的豆腐，鱼籽点缀，颜值和口味双重在线。 "
human_188fc59bea11264b,test,0,1,0.9918325,317,美食,,,"标题：秋天的第一杯自制奶茶☕️
正文：秋天到了，奶茶的季节也到了。做为奶茶爱好者的我以往总是在饮品店购买奶茶，虽然方便但心理也总是隐隐担心食品安全，为了实现健康的奶茶自由，最近入手了一款mokkom磨客迷你奶茶豆浆机。市面上小家电多多，之所以选择它是因为 1⃣️身材小巧可以和矿泉水比高高，出门携带可太方便了✅ 2⃣️五大营养功能能满足我不同的饮品需求✅ 3⃣️人性化设计，食材可以中途添加，很方便✅ 4⃣️更小的体积却拥有更大的动力，粉碎破壁技术棒棒滴✅ 5⃣️免开盖倒浆，保护了肌肤✅ 6⃣️进纳米陶瓷防糊底技术，清洗更方便✅ 7⃣️预约功能，一觉醒来，美味眼前✅ 机子做出来的奶茶也很香浓细腻果"
human_8b7f1907cd0aee98,test,0,1,0.99461293,608,心理,,,"标题：别让情绪成为你进步的阻碍❕
正文：▪️书名：《情绪创可贴》
▪️作者：【加】奥利维亚.雷姆斯
·
🌿如果你有以下这些：
❶纠结产生阻碍了你前进的恐惧
❷拖延带来的压力
❸被冲动行事毒害的内心安宁和人际关系
❹重压带来的身心健康受损
❺焦虑留下的“伤痕”
❻孤独引发的毁灭性不安和痛苦
❼对痛苦的反刍让生活破碎不堪
❽失败导致的心理创伤
……
那么这10本情绪创可贴很适合你，会让你找到需要的答案。
·
✔️纠结贴
长期应对，克服纠结的5个策略：
❶学会承受风险
❷转移你的注意力——为果断拍手称好
❸什么能让你充满活力
❹如果我知道自己不会失败，该怎么做？
❺按下生活的重置键
·
✔️拖延贴
"
human_994f4fe1a23b97c1,test,0,1,0.9726266,220,心理,,,"标题：3月16日周三早安
正文：人内心的幸福感， 来自随遇而安和感恩知足。 欣然每一个日出， 释然每一个日落， 随心随缘，从容自在。 温饱无虑是幸事， 无病无灾是福泽， 至于其他，有则锦上添花， 无则依旧风华。 晨钟暮鼓里， 沉静在自己的一方城池， 且听岁月浅吟轻唱， 且看时光静雅如流。 给自己一份好心情， 让生活洒满明媚的阳光。 温暖舒适，沁人心脾， 在阳光下漫步， 感受世间的祥和与幸福！ 疫情反复切记做好防护， 祝福你阖家健康平安！"
human_5ca2e3a73b4a5bda,test,0,1,0.96388596,262,健康,,,"标题：电动牙刷大测评-新手入门不踩雷
正文：很多小伙伴私信问我口腔该怎么护理？并且还让我推荐好用又平价的电动牙刷，作为你们的搬运工我今天这期视频的主要内容就是电动牙刷啦，都2021年了普通手动牙刷逐渐被电动牙刷所取代了，成为很多家庭必不可少的生活用品。我也是踩了无数雷才挑选出这4款体验感非常好的推荐给大家。 虽然这4款电动牙刷功能都很强大 但花上这款在价格和续航能力上都会更有优势。最后唠一句，一定一定要做好口腔清洁，不然牙齿犯了病吃啥都没食欲，看个牙还那么贵又受罪，还是生活中一点一滴保护着吧。拜拜下期见。 口腔护理分享"
human_9f053118148b7e7e,test,0,1,0.90502894,374,健康,,,"标题：！头发蓬松小妙招！！
正文：有没有姐妹每次洗完头头发贴着头皮软软塌塌的特别没精气儿神！！ 而且对于我这种发量少的人真的敲级不友好 ~ 有时还会出现头皮发痒的情况， 头屑更出众！！ 万万没想到这个简客家这款白胖子洗发水给我救回来了！！ 就是这个慕斯洗发水 ，专注头皮养护~白白胖胖小小一瓶，颜值超高！ 去扒拉了一下成分！ 有15种氨基酸成分能有效渗透头皮、修护受损发质！深海海藻提取物 ，强抗氧化性舒缓头皮、天然保湿成分、适用过敏肌肤！还无硅油无香精，大写的YYDS！ 这个挤出来的小小一泵泡沫超多！ 而且泡沫细孔绵密，软软糯糯像棉花糖一样！ 我用的是时候先将头发预洗，带走灰尘污垢，后续泡沫才不"
human_8b8d97640fec80dd,test,0,1,0.97867626,917,心理,,,"标题：央视的神仙文案🔥那些抄到手软的写作素材❗️
正文：-
🌈Hi！大家好，我是枝枝
-
🌸今天想跟大家分享那些央视节目里的神仙文案，
不仅是很好的写作素材，
我们也能从这些金句中获得一些感悟，
大家快快收藏起来吧~
（ps：完整版在图片中）
-
✨在为梦狂奔的路上，
有风雨急骤，有孤夜寂寥。
不要怕，回头看看，
家人就在身后，打着那束温暖的光。
——《你好生活》
-
✨从某种意义上说，
世间一切，都是遇见。
冷遇见暖，就有了雨；
冬遇见春，有了岁月；
天遇见地，有了永恒；
人遇见人，有了生命。
——董卿《朗读者》
-
✨眼前潮水起落，身后浮沉半生，
也许人的无奈和不平凡在于，
越是看清真相，"
human_fdb834dc018f2bc8,test,0,1,0.9984824,405,美食,,,"标题：杭州美食｜蒸鲜与椒麻的碰撞，燃爆味蕾 💥
正文：坐标：江南驿（上天竺店）

江南驿算是杭州的老网红创意菜餐厅了
老板娘悉心钻研各式创意菜
火了十几年
这次回杭州总算起兴吃上一回
相见恨晚！

几乎每桌必点的特色菜椒麻鸡
真的可以一战封神！

汤汁既有鸡汤的鲜又有藤椒的麻
两种截然不同的口味
竟然能互相独立又和谐地共存于口腔之间
简直是杭帮菜与川菜巧妙结合的巅峰之作
让我这个刚从云贵川游返的食客
都忍不住连连称赞

推荐推荐 [赞R]

温馨提示：
1）餐厅环境一般，且位于上天竺（寺）景区门口，人流量大等位是常态，天气炎热建议耐心前往；

2）距离餐厅百米之外就是老杭州人心目中仅次于灵隐寺"
human_19fa0bd0141a9a1b,test,0,1,0.9912388,360,美食,,,"标题：自制｜菠萝果冻，超冰爽，三步就可以做好啦。
正文：最近我可太馋菠萝冻了，
光看图片就觉得很冰爽。
可惜深圳我暂时还没发现有得买。
搜了下做法还挺简单，那我们就自己做一个，
这样还能控制果冻的软硬度，
做成某之朗吸吸冻那种质地最好。
菠萝冻的做法超简单，
秘诀就是不要把菠萝挖破就好了。
有时间可以冲一波，做来给小孩子吃也不错哈哈。

原材料：菠萝、白凉粉、黄冰糖、蓝莓。
❶菠萝切掉菠萝头，挖出果肉，记得不要挖破果皮，等下要当容器。
❷煮一小锅水，把菠萝果肉倒进去，煮开后放入黄冰糖，再次煮开后放入白凉粉，白凉粉和水大概是1:30，喜欢嫩一点的少放点白凉粉，喜欢Q弹点的多放点白凉粉，再次煮开后"
human_e8f15b65dc2a9e01,test,0,1,0.6555453,802,职场,,,"标题：⭐️论文人必备神器，让文案开挂的13个工具‼️
正文：🤔“去哪里找文案相关的素材？”
😣“写文案没有灵感怎么办？”
🙁“怎么提高写文案的能力？”
—
🧐写文案绞尽脑汁，想到头秃！相信这是很多小伙伴做新媒体会遇到的问题‼️想真正写出高水平的文案，可不是一时就能练就的，还是需要我们在日常的生活中，多看书📖多学习多输出✍🏻️。
—
🥳今天和大家分享的1️⃣3️⃣个文案写作宝藏神器（压箱底的干货全都翻出来了），🤗拯救你写不出文案的各种烦恼，一年365天朋友圈文案都不重样‼️一定要点赞关注收藏起来，慢慢消化！💪🏻从此告别文盲！
—
‼️网站类🛠工具
1️⃣文案狗
http://www.wenang"
human_549b7babbc38945e,test,0,1,0.9973496,414,心理,,,"标题：梨形身材逆袭！审美决定身材！学会训练动脑！
正文：别跟我说什么男权审美！女生有追求自己风格的权利！不必让人人都喜欢，但一定要做个自己喜欢的人！

身边的朋友经常有这样的困惑“小姐姐你这样好好看呀，我怎么练腰还是这么粗呢？”👭，请学会接纳自己，问问现在的自己是不是真的胖？是不是真的不好看呢？很多时候我们的焦虑往往来自于不认识“自己”，看到别人🈶️腹肌，于是羡慕了，某刻看到别人微胖且凹凸有致时，认为这样也很美！没错，每个人都是独特的，我们要清楚的知道自己想要哪种身材，这样才能知道自己应该怎么做！或者在这种兜兜转转中自己的审美会发生改变，🆗，在我们有了自己审美认知后，就多动脑，持续的坚持下去吧"
human_4ac17d6002e2df84,test,0,1,0.58949536,1000,健康,,,"标题：新手妈妈必看的奶粉选购指南干货满满✅
正文：新手妈妈必看的奶粉选购指南干货满满✅市面上的奶粉种类真的是太多了，有机奶粉？普通奶粉？牛奶粉？羊奶粉？新手妈妈总是挑的眼花缭乱… 那么，怎样判断哪款奶粉才适合宝宝？今天就来和大家分享一下如何挑选奶粉，让各位新手妈妈不再迷茫～ 1️⃣不同月龄怎样选❓ 0～6个月宝宝喝1段 6～12个月宝宝喝2段 1岁以上喝3段 . 2️⃣奶粉的分类有哪些❓ 奶粉种类➡️【牛奶粉】【羊奶粉】 正常配方➡️【有机奶粉】【普通奶粉】 水解配方➡️【适度水解】【深度水解】 特殊配方➡️【腹泻奶粉】【氨基酸奶粉】 3️⃣奶粉的配方表怎么看❓ 基础成分： 3大能量：【蛋白质"
human_6f89db439a6351f1,test,0,1,0.9002553,344,穿搭,,,"标题：吊带仙女网纱睡裙，温柔性感又迷人！
正文：每天清晨、阳光和微风将窗帘吹起，飘逸蕾丝花边裙摆在风中飞舞，宛若你就是坠入凡尘的仙子呀~ [色色R][色色R]衣身以柔和奶杏色为主打 敲级温柔，百看不厌哦 分分钟截中你的公主心 深V领设计露出曼妙锁骨， 甜甜的小性感 ☘️☘️宽宽的肩带搭配露背松紧设计，不勒肌肤，不脱落 修饰美背，引人遐想 上身性感不显轻佻，连背影都美得紧扣心弦 谁穿谁都可以驾驭 外层朦胧网纱，内里莫代尔棉 轻薄透气，清凉舒适 就像被软绵的云朵包住一样 重要的是无论选择去哪儿，都别忘记带上这样一件梦幻仙女裙呀！ #家居服 #私藏店铺 #平价睡衣 #性感睡裙 #吊带 #睡裙 #性感"
human_03a5294dd008dffb,test,0,1,0.9283639,939,健康,,,"标题：敏感宝宝奶粉咋选？听听我家全能爸爸的建议
正文：乔乔真的是集万千宠爱于一身，不仅有爷爷奶奶温柔呵护着，小姐妹变着花样给他安排各种神器玩具。每一次出游麻麻还会细心准备带来惊喜，爸爸更是在吃穿上安排得妥妥的，在这里赞一下爸爸，真的是太太太好了~简直就是模仿老公和模仿爸爸，不仅把我照顾的很好，连带孩子也井井有条。 - 我家乔乔是过敏体质，所以乔爸会比较关心孩子的身体状态，每隔段时间就带乔乔去体检。这不，昨天刚好带乔乔去体检，医生连夸各项指标高高高，这次大拇指要比给爸爸，从辅食到奶粉，一日三餐都安排地明明白白，尤其是在宝宝的喂养上，乔爸都会认真了解和详细调查，现在乔乔在喝的是佳贝艾特荷兰版金装羊"
human_f099363903e92f3c,test,0,1,0.9986873,392,美食,,,"标题：终于发现浦东的宝藏本帮菜馆了！
正文：终于在我大浦东发现了一家很好吃的本帮菜馆子，最近超火🔥，是上海少有的性价比超高的精致本帮菜了

听说最近重新装修翻新过，进店环境超赞✨干净雅致，朋友聚餐、家庭聚会、商务宴请都是不错的！

❣油滚大黄鱼🐟
第一次吃到油滚做法的大黄鱼🐟，服务员💁‍♀会现场倒入油料，焖制8-10分钟的样子，非常香嫩，不会觉得油腻，来自东海的大黄鱼，肉质紧实，非常值得一尝哦！

❣肉饼蒸膏蟹🦀
膏蟹🦀肉质鲜甜，里面的蟹膏丰腴，上面还铺着满满的黄，超香！下面铺着的肉粒在汤汁里非常入味，绝了！

❣阿明油爆虾🦐
他家的招牌菜，炸的外皮脆脆的，可以连壳吃下，虾肉Q弹饱满，一口下去"
human_a5cbcf17ee4393c5,test,0,1,0.9971277,265,健康,,,"标题：家中常备京华都益生菌，超实用！
正文：🙌🙌因为年轻时不注重饮食，我的肠胃一直不太好，因此我家里总会常备益生菌。最近被朋友了一款超实用的益生菌——🎀京华都玉米低聚肽益生菌，效果真的超赞。
🎉🎉这款益生菌粉里含有很多对肠胃有益的益生菌和益生元，如乳双歧杆菌、💞鼠李糖乳杆菌等等，能够有效呵护肠胃。
👭👭我老公平时应酬多，这款益生菌还能解酒，酒局前喝能增加酒量，酒局后喝还能有效防止宿醉，真的超级实用。
🎁🎁我现在家里都是三四盒的囤，这么实用的益生菌粉，当然得多囤一点啦！💕
#京华都
#解酒饮品
#益生菌
#好物分享
#保护肠胃"
human_6b7cc9042cecc4b9,test,0,1,0.992576,810,心理,,,"标题：让孩子尽情探索世界的可能性
正文：今天推荐一本书叫做《园丁与木匠》 这本书的价值就在于，用人类进化的视角以及现代发展心理学得出的证据，同时论证了孩子的天性。给他们一个花园，他们就能百花齐放，但对他们施以斧凿，则会把他们变成器具。 我们更应该做园丁式父母，因为园丁式父母培养出来的孩子，比木匠式父母培养出来的孩子更有优势。木匠式父母要把孩子按图纸打造成一个工艺品，但哪怕图纸设计得再精妙，父母的打造手艺再精良，都只是在塑造孩子的外在表现。为了把这一层雕琢得毫厘不差，父母必然会伤害到孩子的特质风格和心理内核。园丁式父母则致力于为孩子提供一个温暖、有爱、安全的环境，在孩子发展得明显有问题时，他们也"
human_ac926f89c0c48177,test,0,1,0.9965654,411,情感,,,"标题：朋友圈早安语录|美好的一天从此刻开始
正文：Hi，我是吴老师，美好的一天开始了，今天给大家分享几句正能量的句子，让你的意向都能主动来找你，正在努力的你加油！❤️
……
🥃
想请你喝可乐，希望你可爱有快乐
🥃
没什么是轻松简单的，唯有不断努力才能更加顺利
🥃
努力的意义就是：当好运来临时，我觉得我值得只有拼命努力的人，才能和世界共事
🥃
其实真正压垮你的，不是那些突如其来的灭顶之灾，而是压在你心底那些，看似不值提日积月累的心事
🥃
没有一颗心，会因为追求梦想而受伤，当你真心渴望某样东西的，整个宇宙都会来帮忙
🥃
生活除了穷容易胖容易，其他的都不容易
…………………………………………
新的一"
human_0fd083d48c66abfb,test,0,1,0.8999721,726,心理,,,"标题：剑桥学姐这么贴心的选校分析你见过吗❓
正文：[偷笑R]23fall不少同学都已经拿到offer了，你却连目标院校都没有选择好？
自己看了很多网站，还是拿不准均分、录取率及适配项目？[石化R]
既浪费了现有的雅思、均分提高学习时间，又焦虑up up[哭惹R][哭惹R][哭惹R]
到底什么专业适合我？我想去dream school哪个专业概率高啊？
🙋如何选校定位？📢
🔴硬实力（院校、GPA）定下粗略范围
⚫️软实力（实习、科研）划分细致择校
🔴官网查询学校对学生成绩、经历偏好
⚫️分析过往相似背景分数段申请成功率
🔴总结罗列冲、平、保选择原因及风险评估
🔆🔆🔆新启留学承诺：
所有选校皆私人"
human_96061c61e13e7079,test,0,1,0.99627054,284,情感,,,"标题：幽暗森林的故事｜☀️
正文：幽暗森林里有好多匆匆的赶路人
为了生存和欲望都在寻找宝藏
他们只知黄金的分量和珍珠的闪亮
这些诱惑让赶路人步履匆忙
忽然有一天他们见了天然宝石
犹豫地停下了脚步在想……
宝石不比黄金贵重不能做等价交换
不比珍珠耀眼要佩戴还要雕刻模样
他们错过了宝石走了
幽暗森林里有个男孩
一直在寻找特殊的珍藏
遇到这颗宝石很喜欢
他偷偷揣在兜里心想
只有宝石才值得收藏
做光源照前路行远方
将爱放里面赋予魔法力量
从此他不再惧怕这幽暗森林
拿起宝石的那一刻幽暗已经消失
森林里已满是阳光和鸟语花香☀️
#情感树洞 #爱 #珍藏 #童话故事
情感树洞"
human_06fd0a569aeaa7ed,test,0,1,0.7488455,215,宠物,,,"标题：3月宝宝频繁夜醒！
正文：最近一段时间不知怎的了，夜里频繁夜醒！基本上一小时醒一次，哼哼唧唧的哭，拍拍抱起来哄哄都不行，只能喂奶。也不知道是肠胀气还是睡眠倒退期还是什么前庭发育，怎么哄也不好，只能喂奶，所以一夜都在频繁喂奶[石化R] 我们睡不好都是次要的，关键他睡不好影响发育啊！ 白天睡的也少，而且睡眠特别浅，一点点声音就醒了，真是愁死个人了！ 还有最近屁好多啊，还特别臭！不知道怎么回事 明天去3月体检了，到时问问医生吧"
human_aea165f2d05c5630,test,0,1,0.9652235,297,情感,,,"标题：我遇到了知己
正文：每天，随着晨曦的一抹红光，心里就升起一股涌动的力量… 从认识了小红书，就像遇到了情人，心里话有地方讲，不好意思说的事，悄悄说给她听… 小红书是学堂，遇到不知的事无限。又何妨？开了那么多扇窗…整天，有点像刘姥姥进大观园，东张西望… 小红书是口袋，你把心里事往里装，她不嫌弃，做个知心姐姐，默默聆听，不阻挡… 过去的往事像幻灯，片片闪亮，写下来，小红书收藏… 小红书也让我看到那么多的人生不易，好好的日子，加倍珍惜，不是人人都有幸福，家家都顺顺利利。 感谢上苍帮忙，风调雨顺，人丁兴旺。 祝福我的家人们，事业有成，孩子们健康成长。 日子红红火火，芝麻开花，节节高，无阻挡！"
human_6620dadf614a058d,test,0,1,0.99235606,640,美食,,,"标题：今冬第一口草莓草莓纸杯蛋糕简单少女心
正文：♡// ♡小絮叨：草莓季的第一杯草莓蛋糕你吃到了吗？在这个风和日丽的日子，我终于吃到啦！！！！这一杯是名副其实的纸杯蛋糕，因为今天我真的用喝水的纸杯来装它，竟然还挺好看的～～立面的蛋糕片也是粉粉的，一整杯颜值超级可～ 材料： 蛋糕卷：鸡蛋4个，玉米油40克，低筋面粉40克，牛奶40克，白砂糖40克，红丝绒液2滴。 装饰奶油部分：草莓适量，淡奶油300毫升，白砂糖20克，椰蓉适量。 做法： 1️⃣鸡蛋蛋黄蛋清分离。 2️⃣蛋黄加入玉米油混合均匀，加入牛奶混合均匀。 3️⃣放入过筛后的低筋面粉，混合均匀。 4️⃣蛋清部分在打发过程中分三次加入白砂糖"
human_79d11f84923a0761,test,0,1,0.9873569,697,旅行,,,"标题：环球影城重启攻略🌍姐妹们行程赶快订起来啦
正文：前几天成功去了趟环球影城，听我说，真的太快乐了！而且上海40多度的时候北京只有30度，蓝天白云不要太舒服。
-
我去的那天预计入园人数是1.8W
一般天气晴朗人会多很多，阴天下雨就骤减
现在10点开园，提早半小时到过安检，尽量第一批入园
-
🔹我的动线顺序：
🔸神偷奶爸小黄人闹翻天
🔸哈利波特与禁忌之旅
🔸霸天虎过山车
🔸火种源争夺战
-
🔹关于排队
园区不算太大，可以先把想去的项目刷掉，再慢慢悠悠逛吃，等6点的花车巡游就好啦！
现在平均一个热门项目排队要40-60分钟，除了霸天虎过山车，它只要15分钟（app上可以查时间）
小黄人排队比较"
human_ce04b5ce22d22598,test,0,1,0.990393,1033,穿搭,,,"标题：🇲🇾Lelabo城市限定香 推荐分享 （1）
正文：说说我个人对Lelabo城市限定香的感受吧，非专业评价！
Gaiac 10-东京 [星R][星R][星R][星R]
这款和Santal 33闻起来有点类似，就像33的EDT版本，闻起来就像坐在温泉馆泡茶，周围围绕着竹林，旁边放着檀木香薰，享受那一刻的清净和冥想

Limette 37- 旧金山 [星R][星R][星R]
这款闻起来就像开着敞篷车在卡里福尼亚沿海公路，听着一首欢快的歌曲，欣赏着沿途风景，在慢慢的驶入金门大桥

Cedrat 37- 柏林 [星R][星R][星R][星R]
这款柑橘味比较重，算是款果香调，闻起来就像洗完澡穿上"
human_21f8b4708b874b6a,test,0,1,0.9947712,739,美食,,,"标题：「大统华」我的年货必买清单美味分享
正文：年关临近，你们的年货准备好了么？ 有什么能比准备一份年货 让红红火火的年味更足的呢？ 跟你们你们分享一下我今年购买的满意年货[偷笑R] 1⃣️ 大统华饺子粉 饺子是北方人过年的餐桌必备 饺子的形状像元宝状，寓意吉祥如意 配合过年的气氛，我们家还会在饺子里加入 红枣、花生、硬币之类的“彩头” 2⃣️大统华烤年糕 由香甜糯米和香浓黄油烤制而成 口感Q弹软糯，奶香十足 奶奶常说“过年吃年糕，寓意步步高升” 3⃣️ 笑口酥/炸麻叶/瓜子/板栗 过年必备小零食 每一样传统点心都是儿时“年味的回忆” 笑口酥/炸麻叶，酥脆香甜可口 板栗口感香郁，营养价值高 4"
human_96a26ba1b5a6ad66,test,0,1,0.97700274,956,职场,,,"标题：在百威的宝洁佬：两种不同文化的深刻体验
正文：“宝洁就像一所学校，努力卷，总还有中榜的机会；百威更像一个江湖，出身寒微的人注定很难上位。”

虽然两家公司同属于外企快消圈子，但两家公司区别很大，上一篇文章我聊了公司的人才晋升制度，聊到了公司的内部气质，这篇文章继续聊人才培养和渠道管理上的区别。

[一R]宝洁经理 vs 百威管培生
我进宝洁那年，内部就早已经没有管培生这个说法了，统一都是走校园招聘，新人统一都叫做manager，且不存在所谓跨部门轮岗制度。也可以说，所有人都是一样的“管培生”。

百威就不一样了，内部有“GMT”和“红星”两种管培生体系，前者一年就招几十个，要求非常严格，"
human_d108ae4a8e0a746d,test,0,1,0.99440813,738,情感,,,"标题：求助|异地恋，家人不太同意，应该怎么办？
正文：我和我男朋友是大学认识的，在一起半年多了，今年刚毕业。 他今年参加的省考，考到了他家所在市的公务员，现在是一名警察，是家中独子，且家庭条件要比我家好，爸爸是国企领导，家里还做着其他生意。 我自己是去年考研失利差了4分，今年准备二战，研究生后也是准备考公考编的，同样也是家中独生女，母亲是国企小白领，父亲则是在私企当小领导，日子还算小康，但因为家中不做生意，收入自然没有我男朋友家高。 本来这样看确实我们两很配，我们家人也是这么觉得，但问题就在于地域。我是省会城市，但也只是二三线城市，我男朋友是我这个省的其他普通的市区，间隔的话高铁100块钱吧。"
human_e1ecc91c622e8288,test,0,1,0.9893538,441,穿搭,,,"标题：中秋送礼指南，Nobis伴你绵绵暖意
正文：-
开启金秋礼遇，传递别致心意。
Nobis为你甄选好礼，给予TA秋日绵绵暖意🌕
.
🎁致她
- Evo女士高性能卫衣
- Shaw女士派克大衣
Evo兼具时髦感与高性能；精选可呼吸可机洗面料；采用全拉链设计，轻松调节开合，随性切换造型。
Shaw塑造怡然风度；填充加拿大原产白鸭绒，可抵御零下15°寒冷；搭配可拆卸腰带，温暖修身兼顾。
.
🎁致他
- Tate男士科技夹克
- Heritage男士派克大衣
Tate诠释时尚科技；精选三层微旦尼尔面料，带来柔软奢华手感；防风防水，于过渡季节给予贴心呵护。
Heritage演绎经典型格，填充加拿大原"
human_e410334f23e85ee9,test,0,1,0.9974617,364,穿搭,,,"标题：面馆日系写真姿势分享~‖桂林这家店绝了！
正文：全网最差流量，几十的浏览量我也是佛了[失望R] 这次依旧是数码仿胶片~ 超级喜欢这一组，漂亮妹妹真的超级给力！ 永远为甜妹儿心动 桂林这家店好有氛围感（喜鹊食堂），超级出片 面馆日系写真tips~ 1⃣趴在窗户，双手一上一下张开贴在玻璃窗上~ 2⃣坐在门外板凳上，帽子放在植物上，利用小道具歪歪头笑一笑~ 3⃣人物居中，两手对称拿着桌上的道具，眨眼笑 4⃣抱着玩偶，假装生气~ 5⃣蜜雪冰城的冰激凌吃一口~ 6⃣蹲在椅子后面，手变成猫爪子形状~ 7⃣推开店门，歪头笑一下~也可以倚在门上~ #桂林 #日系 #广西师范大学 #数码仿胶片 #日系写真"
human_47208df1157250dc,test,0,1,0.9744006,577,学习,,,"标题：高中地理学习心得/笔记无偿分享！快来看👀
正文：1.注重课本知识
上课不光要听老师讲课、记笔记，课下一定要认认真真地看书！
①为什么呢？
因为老师讲得重点是基本是已经考过的考点，所以常常会发生“本届等级考比前几年难”的问题😭。犄角旮旯的还是要考自己去发现和思考🤔。
②怎么看呢？
不能光看课本正文，这样会到最后什么都没看进脑子，最好配合着记下笔记，或者看后与同学交流，看看大家有什么补充。
还有课本的目录一定要看！它是高度的浓缩和提炼，这样会对书本框架有更好的认识！
2.心中有地图
考地理怎么会不会地图🗺️呢？
方法：空白填图的地图多打几张，隔段时间就做一下，书上出现过的图尤其要记住！
3."
human_d597732c517b8693,test,0,1,0.999461,294,学习,,,"标题：英语杂志：探索心理学 揭示你和你周围的世界
正文：On the Couch - Issue 8 - July 2022 Discover more about your mind, relationships, thoughts, personality and emotions with On the Couch Magazine. Explore what psychology reveals about YOU, those around you and your world. #英文学习 #英语阅读 #杂志 #探寻自我 #心理 #思想 #情绪 #抑郁 #治愈 英文学习"
human_7d166d5958738d01,test,0,1,0.99630827,431,学习,,,"标题：来说说冉静进阶课听后的感受吧~
正文：选课真的是备考中最纠结的一个部分了，但是只要选到适合自己的，那绝对就是事半功倍的效果啦~今天就来给家人们说说，我听完冉静课后的真实有感吧！ 公专这科的知识点涉及的还是蛮广的，所以独自摸索难免会费时费力，本来就考三科，所以时间就显得尤为珍贵了！在此基础上，我去选择了冉静的课 1.课时不长是我感觉这课最吸引我的地方了，因为我本身就很容易跑神，所以太长的课时我是真听不下去，而这点完全解决了我这方面的疑虑！ 2.内容干练整洁，是我在听课过程中发现的，老师会把知识点先串联，在讲解，所以很容易身为小白的我去直击要点，这样的方式针对性也会更强，完全避免了知识点的过"
human_8f6f0dcd9b08bd79,test,0,1,0.9958055,325,旅行,,,"标题：山海、茶园、渔家宴，探访崂山脚下的青山渔村
正文：跨越山海 蜿蜒绵长的海岸线 让你不期而遇 心动的渔村风景 【推荐宝藏⾃驾路线】青岛山海之旅—崂山环海公路—崂山青山渔村 有山有海有茶园 ，还有地道渔家宴 ！ 用脚步丈量崂山脚下的青山渔村 这里背靠崂山狮子峰，面向大海青山湾，北枕黄山口，南望崂山头。从瑶池峰顶俯瞰，可见山石巍峨、叠石秀丽、红瓦片片、鳞次栉比，位于崂山脚下王哥庄街道的青山渔村依山而建，层层茶田绿意盎然。 品一杯青山茶场大田里的崂山绿，吃一顿地道的渔家宴，邂逅码头的醉美夕阳红……渔村慢生活，平息那颗躁动的心和过往的烦心事。 PS：当你拥有一颗感恩的心，努力做好自己，成为更好的人"
human_ac6060651b64d4bf,test,0,1,0.7735953,582,职场,,,"标题：2023秋招中储粮求职笔试题型及面试攻略！
正文：中储粮马上就要开始笔试了，只能说临阵磨枪不快也光，考前突击一下，刷刷题也是不错的选择。

2023年中储粮招聘包括社会、校园招聘两种形式，分别面向社会工作人员和2023应届毕业生进行。

✅校招和社招卷面不同，主要考察以下几方面内容：

1⃣️行政职业能力测试：主要考查言语理解与表达、数量关系、判断推理和资料分析。

2⃣️时事热点：主要考查我国召开的重大会议、发布的重要文件等。

3⃣️企业文化：主要考查中储粮的文化理念及最新动态。

4⃣️写作：主要考查应试者的文字表达能力、综合分析能力、阅读理解能力等。

5⃣️与校招笔试的不同之处"
